"cat01_code","(F002-03-2-006)全国農業地域・都道府県","cat02_code","(F002-03-1-010)被害面積及び被害量","unit","value"
"1001","全国","1001","気象被害_冷害_被害面積","ha","19800"
"1001","全国","1002","気象被害_冷害_被害量","t","4610"
"1001","全国","1003","気象被害_冷害_被害率_実数","%","0.1"
"1001","全国","1004","気象被害_冷害_被害率_対前年差","ﾎﾟｲﾝﾄ","0.0"
"1001","全国","1005","気象被害_日照不足_被害面積","ha","1107000"
"1001","全国","1006","気象被害_日照不足_被害量","t","220900"
"1001","全国","1007","気象被害_日照不足_被害率_実数","%","2.9"
"1001","全国","1008","気象被害_日照不足_被害率_対前年差","ﾎﾟｲﾝﾄ","-0.1"
"1001","全国","1009","気象被害_高温障害_被害面積","ha","330800"
"1001","全国","1010","気象被害_高温障害_被害量","t","36800"
"1001","全国","1011","気象被害_高温障害_被害率_実数","%","0.5"
"1001","全国","1012","気象被害_高温障害_被害率_対前年差","ﾎﾟｲﾝﾄ","-0.3"
"1001","全国","1013","病害_いもち病_被害面積","ha","300200"
"1001","全国","1014","病害_いもち病_被害量","t","82600"
"1001","全国","1015","病害_いもち病_被害率_実数","%","1.1"
"1001","全国","1016","病害_いもち病_被害率_対前年差","ﾎﾟｲﾝﾄ","0.1"
"1001","全国","1017","虫害_ウンカ_被害面積","ha","39300"
"1001","全国","1018","虫害_ウンカ_被害量","t","5370"
"1001","全国","1019","虫害_ウンカ_被害率_実数","%","0.1"
"1001","全国","1020","虫害_ウンカ_被害率_対前年差","ﾎﾟｲﾝﾄ","-0.8"
"1001","全国","1021","虫害_カメムシ_被害面積","ha","115200"
"1001","全国","1022","虫害_カメムシ_被害量","t","12400"
"1001","全国","1023","虫害_カメムシ_被害率_実数","%","0.2"
"1001","全国","1024","虫害_カメムシ_被害率_対前年差","ﾎﾟｲﾝﾄ","0.0"
"1002","(全国農業地域)_北海道","1001","気象被害_冷害_被害面積","ha","2800"
"1002","(全国農業地域)_北海道","1002","気象被害_冷害_被害量","t","243"
"1002","(全国農業地域)_北海道","1003","気象被害_冷害_被害率_実数","%","0.0"
"1002","(全国農業地域)_北海道","1004","気象被害_冷害_被害率_対前年差","ﾎﾟｲﾝﾄ","-0.7"
"1002","(全国農業地域)_北海道","1005","気象被害_日照不足_被害面積","ha","3970"
"1002","(全国農業地域)_北海道","1006","気象被害_日照不足_被害量","t","581"
"1002","(全国農業地域)_北海道","1007","気象被害_日照不足_被害率_実数","%","0.1"
"1002","(全国農業地域)_北海道","1008","気象被害_日照不足_被害率_対前年差","ﾎﾟｲﾝﾄ","-2.5"
"1002","(全国農業地域)_北海道","1009","気象被害_高温障害_被害面積","ha","26000"
"1002","(全国農業地域)_北海道","1010","気象被害_高温障害_被害量","t","2490"
"1002","(全国農業地域)_北海道","1011","気象被害_高温障害_被害率_実数","%","0.5"
"1002","(全国農業地域)_北海道","1012","気象被害_高温障害_被害率_対前年差","ﾎﾟｲﾝﾄ","0.4"
"1002","(全国農業地域)_北海道","1013","病害_いもち病_被害面積","ha","645"
"1002","(全国農業地域)_北海道","1014","病害_いもち病_被害量","t","54"
"1002","(全国農業地域)_北海道","1015","病害_いもち病_被害率_実数","%","0.0"
"1002","(全国農業地域)_北海道","1016","病害_いもち病_被害率_対前年差","ﾎﾟｲﾝﾄ","0.0"
"1002","(全国農業地域)_北海道","1017","虫害_ウンカ_被害面積","ha","443"
"1002","(全国農業地域)_北海道","1018","虫害_ウンカ_被害量","t","51"
"1002","(全国農業地域)_北海道","1019","虫害_ウンカ_被害率_実数","%","0.0"
"1002","(全国農業地域)_北海道","1020","虫害_ウンカ_被害率_対前年差","ﾎﾟｲﾝﾄ","0.0"
"1002","(全国農業地域)_北海道","1021","虫害_カメムシ_被害面積","ha","3190"
"1002","(全国農業地域)_北海道","1022","虫害_カメムシ_被害量","t","294"
"1002","(全国農業地域)_北海道","1023","虫害_カメムシ_被害率_実数","%","0.1"
"1002","(全国農業地域)_北海道","1024","虫害_カメムシ_被害率_対前年差","ﾎﾟｲﾝﾄ","0.1"
"1003","(全国農業地域)_都府県","1001","気象被害_冷害_被害面積","ha","17000"
"1003","(全国農業地域)_都府県","1002","気象被害_冷害_被害量","t","4370"
"1003","(全国農業地域)_都府県","1003","気象被害_冷害_被害率_実数","%","0.1"
"1003","(全国農業地域)_都府県","1004","気象被害_冷害_被害率_対前年差","ﾎﾟｲﾝﾄ","0.0"
"1003","(全国農業地域)_都府県","1005","気象被害_日照不足_被害面積","ha","1103000"
"1003","(全国農業地域)_都府県","1006","気象被害_日照不足_被害量","t","220300"
"1003","(全国農業地域)_都府県","1007","気象被害_日照不足_被害率_実数","%","3.2"
"1003","(全国農業地域)_都府県","1008","気象被害_日照不足_被害率_対前年差","ﾎﾟｲﾝﾄ","0.1"
"1003","(全国農業地域)_都府県","1009","気象被害_高温障害_被害面積","ha","304800"
"1003","(全国農業地域)_都府県","1010","気象被害_高温障害_被害量","t","34300"
"1003","(全国農業地域)_都府県","1011","気象被害_高温障害_被害率_実数","%","0.5"
"1003","(全国農業地域)_都府県","1012","気象被害_高温障害_被害率_対前年差","ﾎﾟｲﾝﾄ","-0.4"
"1003","(全国農業地域)_都府県","1013","病害_いもち病_被害面積","ha","299600"
"1003","(全国農業地域)_都府県","1014","病害_いもち病_被害量","t","82500"
"1003","(全国農業地域)_都府県","1015","病害_いもち病_被害率_実数","%","1.2"
"1003","(全国農業地域)_都府県","1016","病害_いもち病_被害率_対前年差","ﾎﾟｲﾝﾄ","0.1"
"1003","(全国農業地域)_都府県","1017","虫害_ウンカ_被害面積","ha","38800"
"1003","(全国農業地域)_都府県","1018","虫害_ウンカ_被害量","t","5320"
"1003","(全国農業地域)_都府県","1019","虫害_ウンカ_被害率_実数","%","0.1"
"1003","(全国農業地域)_都府県","1020","虫害_ウンカ_被害率_対前年差","ﾎﾟｲﾝﾄ","-0.9"
"1003","(全国農業地域)_都府県","1021","虫害_カメムシ_被害面積","ha","112000"
"1003","(全国農業地域)_都府県","1022","虫害_カメムシ_被害量","t","12100"
"1003","(全国農業地域)_都府県","1023","虫害_カメムシ_被害率_実数","%","0.2"
"1003","(全国農業地域)_都府県","1024","虫害_カメムシ_被害率_対前年差","ﾎﾟｲﾝﾄ","0.0"
"1004","(全国農業地域)_東北","1001","気象被害_冷害_被害面積","ha","8980"
"1004","(全国農業地域)_東北","1002","気象被害_冷害_被害量","t","1510"
"1004","(全国農業地域)_東北","1003","気象被害_冷害_被害率_実数","%","0.1"
"1004","(全国農業地域)_東北","1004","気象被害_冷害_被害率_対前年差","ﾎﾟｲﾝﾄ","0.0"
"1004","(全国農業地域)_東北","1005","気象被害_日照不足_被害面積","ha","362900"
"1004","(全国農業地域)_東北","1006","気象被害_日照不足_被害量","t","65000"
"1004","(全国農業地域)_東北","1007","気象被害_日照不足_被害率_実数","%","3.2"
"1004","(全国農業地域)_東北","1008","気象被害_日照不足_被害率_対前年差","ﾎﾟｲﾝﾄ","1.0"
"1004","(全国農業地域)_東北","1009","気象被害_高温障害_被害面積","ha","85900"
"1004","(全国農業地域)_東北","1010","気象被害_高温障害_被害量","t","2460"
"1004","(全国農業地域)_東北","1011","気象被害_高温障害_被害率_実数","%","0.1"
"1004","(全国農業地域)_東北","1012","気象被害_高温障害_被害率_対前年差","ﾎﾟｲﾝﾄ","-0.1"
"1004","(全国農業地域)_東北","1013","病害_いもち病_被害面積","ha","64200"
"1004","(全国農業地域)_東北","1014","病害_いもち病_被害量","t","13200"
"1004","(全国農業地域)_東北","1015","病害_いもち病_被害率_実数","%","0.6"
"1004","(全国農業地域)_東北","1016","病害_いもち病_被害率_対前年差","ﾎﾟｲﾝﾄ","-0.7"
"1004","(全国農業地域)_東北","1017","虫害_ウンカ_被害面積","ha","1960"
"1004","(全国農業地域)_東北","1018","虫害_ウンカ_被害量","t","84"
"1004","(全国農業地域)_東北","1019","虫害_ウンカ_被害率_実数","%","0.0"
"1004","(全国農業地域)_東北","1020","虫害_ウンカ_被害率_対前年差","ﾎﾟｲﾝﾄ","0.0"
"1004","(全国農業地域)_東北","1021","虫害_カメムシ_被害面積","ha","22700"
"1004","(全国農業地域)_東北","1022","虫害_カメムシ_被害量","t","1550"
"1004","(全国農業地域)_東北","1023","虫害_カメムシ_被害率_実数","%","0.1"
"1004","(全国農業地域)_東北","1024","虫害_カメムシ_被害率_対前年差","ﾎﾟｲﾝﾄ","-0.1"
"1005","(全国農業地域)_北陸","1001","気象被害_冷害_被害面積","ha","−"
"1005","(全国農業地域)_北陸","1002","気象被害_冷害_被害量","t","−"
"1005","(全国農業地域)_北陸","1003","気象被害_冷害_被害率_実数","%","−"
"1005","(全国農業地域)_北陸","1004","気象被害_冷害_被害率_対前年差","ﾎﾟｲﾝﾄ","−"
"1005","(全国農業地域)_北陸","1005","気象被害_日照不足_被害面積","ha","167300"
"1005","(全国農業地域)_北陸","1006","気象被害_日照不足_被害量","t","21800"
"1005","(全国農業地域)_北陸","1007","気象被害_日照不足_被害率_実数","%","2.0"
"1005","(全国農業地域)_北陸","1008","気象被害_日照不足_被害率_対前年差","ﾎﾟｲﾝﾄ","0.9"
"1005","(全国農業地域)_北陸","1009","気象被害_高温障害_被害面積","ha","114400"
"1005","(全国農業地域)_北陸","1010","気象被害_高温障害_被害量","t","18300"
"1005","(全国農業地域)_北陸","1011","気象被害_高温障害_被害率_実数","%","1.7"
"1005","(全国農業地域)_北陸","1012","気象被害_高温障害_被害率_対前年差","ﾎﾟｲﾝﾄ","1.1"
"1005","(全国農業地域)_北陸","1013","病害_いもち病_被害面積","ha","19000"
"1005","(全国農業地域)_北陸","1014","病害_いもち病_被害量","t","4100"
"1005","(全国農業地域)_北陸","1015","病害_いもち病_被害率_実数","%","0.4"
"1005","(全国農業地域)_北陸","1016","病害_いもち病_被害率_対前年差","ﾎﾟｲﾝﾄ","0.2"
"1005","(全国農業地域)_北陸","1017","虫害_ウンカ_被害面積","ha","4960"
"1005","(全国農業地域)_北陸","1018","虫害_ウンカ_被害量","t","592"
"1005","(全国農業地域)_北陸","1019","虫害_ウンカ_被害率_実数","%","0.1"
"1005","(全国農業地域)_北陸","1020","虫害_ウンカ_被害率_対前年差","ﾎﾟｲﾝﾄ","0.1"
"1005","(全国農業地域)_北陸","1021","虫害_カメムシ_被害面積","ha","11900"
"1005","(全国農業地域)_北陸","1022","虫害_カメムシ_被害量","t","1370"
"1005","(全国農業地域)_北陸","1023","虫害_カメムシ_被害率_実数","%","0.1"
"1005","(全国農業地域)_北陸","1024","虫害_カメムシ_被害率_対前年差","ﾎﾟｲﾝﾄ","0.0"
"1006","(全国農業地域)_関東・東山","1001","気象被害_冷害_被害面積","ha","7990"
"1006","(全国農業地域)_関東・東山","1002","気象被害_冷害_被害量","t","2860"
"1006","(全国農業地域)_関東・東山","1003","気象被害_冷害_被害率_実数","%","0.2"
"1006","(全国農業地域)_関東・東山","1004","気象被害_冷害_被害率_対前年差","ﾎﾟｲﾝﾄ","0.0"
"1006","(全国農業地域)_関東・東山","1005","気象被害_日照不足_被害面積","ha","175200"
"1006","(全国農業地域)_関東・東山","1006","気象被害_日照不足_被害量","t","38000"
"1006","(全国農業地域)_関東・東山","1007","気象被害_日照不足_被害率_実数","%","2.8"
"1006","(全国農業地域)_関東・東山","1008","気象被害_日照不足_被害率_対前年差","ﾎﾟｲﾝﾄ","-0.1"
"1006","(全国農業地域)_関東・東山","1009","気象被害_高温障害_被害面積","ha","29300"
"1006","(全国農業地域)_関東・東山","1010","気象被害_高温障害_被害量","t","6380"
"1006","(全国農業地域)_関東・東山","1011","気象被害_高温障害_被害率_実数","%","0.5"
"1006","(全国農業地域)_関東・東山","1012","気象被害_高温障害_被害率_対前年差","ﾎﾟｲﾝﾄ","-0.6"
"1006","(全国農業地域)_関東・東山","1013","病害_いもち病_被害面積","ha","61600"
"1006","(全国農業地域)_関東・東山","1014","病害_いもち病_被害量","t","16900"
"1006","(全国農業地域)_関東・東山","1015","病害_いもち病_被害率_実数","%","1.2"
"1006","(全国農業地域)_関東・東山","1016","病害_いもち病_被害率_対前年差","ﾎﾟｲﾝﾄ","0.1"
"1006","(全国農業地域)_関東・東山","1017","虫害_ウンカ_被害面積","ha","11900"
"1006","(全国農業地域)_関東・東山","1018","虫害_ウンカ_被害量","t","1280"
"1006","(全国農業地域)_関東・東山","1019","虫害_ウンカ_被害率_実数","%","0.1"
"1006","(全国農業地域)_関東・東山","1020","虫害_ウンカ_被害率_対前年差","ﾎﾟｲﾝﾄ","0.0"
"1006","(全国農業地域)_関東・東山","1021","虫害_カメムシ_被害面積","ha","23300"
"1006","(全国農業地域)_関東・東山","1022","虫害_カメムシ_被害量","t","2850"
"1006","(全国農業地域)_関東・東山","1023","虫害_カメムシ_被害率_実数","%","0.2"
"1006","(全国農業地域)_関東・東山","1024","虫害_カメムシ_被害率_対前年差","ﾎﾟｲﾝﾄ","-0.1"
"1007","(全国農業地域)_東海","1001","気象被害_冷害_被害面積","ha","−"
"1007","(全国農業地域)_東海","1002","気象被害_冷害_被害量","t","−"
"1007","(全国農業地域)_東海","1003","気象被害_冷害_被害率_実数","%","−"
"1007","(全国農業地域)_東海","1004","気象被害_冷害_被害率_対前年差","ﾎﾟｲﾝﾄ","0.0"
"1007","(全国農業地域)_東海","1005","気象被害_日照不足_被害面積","ha","76300"
"1007","(全国農業地域)_東海","1006","気象被害_日照不足_被害量","t","14800"
"1007","(全国農業地域)_東海","1007","気象被害_日照不足_被害率_実数","%","3.3"
"1007","(全国農業地域)_東海","1008","気象被害_日照不足_被害率_対前年差","ﾎﾟｲﾝﾄ","-0.1"
"1007","(全国農業地域)_東海","1009","気象被害_高温障害_被害面積","ha","20000"
"1007","(全国農業地域)_東海","1010","気象被害_高温障害_被害量","t","2190"
"1007","(全国農業地域)_東海","1011","気象被害_高温障害_被害率_実数","%","0.5"
"1007","(全国農業地域)_東海","1012","気象被害_高温障害_被害率_対前年差","ﾎﾟｲﾝﾄ","-0.9"
"1007","(全国農業地域)_東海","1013","病害_いもち病_被害面積","ha","24200"
"1007","(全国農業地域)_東海","1014","病害_いもち病_被害量","t","6220"
"1007","(全国農業地域)_東海","1015","病害_いもち病_被害率_実数","%","1.4"
"1007","(全国農業地域)_東海","1016","病害_いもち病_被害率_対前年差","ﾎﾟｲﾝﾄ","0.4"
"1007","(全国農業地域)_東海","1017","虫害_ウンカ_被害面積","ha","3160"
"1007","(全国農業地域)_東海","1018","虫害_ウンカ_被害量","t","450"
"1007","(全国農業地域)_東海","1019","虫害_ウンカ_被害率_実数","%","0.1"
"1007","(全国農業地域)_東海","1020","虫害_ウンカ_被害率_対前年差","ﾎﾟｲﾝﾄ","-1.9"
"1007","(全国農業地域)_東海","1021","虫害_カメムシ_被害面積","ha","16100"
"1007","(全国農業地域)_東海","1022","虫害_カメムシ_被害量","t","2000"
"1007","(全国農業地域)_東海","1023","虫害_カメムシ_被害率_実数","%","0.4"
"1007","(全国農業地域)_東海","1024","虫害_カメムシ_被害率_対前年差","ﾎﾟｲﾝﾄ","-0.2"
"1008","(全国農業地域)_近畿","1001","気象被害_冷害_被害面積","ha","−"
"1008","(全国農業地域)_近畿","1002","気象被害_冷害_被害量","t","−"
"1008","(全国農業地域)_近畿","1003","気象被害_冷害_被害率_実数","%","−"
"1008","(全国農業地域)_近畿","1004","気象被害_冷害_被害率_対前年差","ﾎﾟｲﾝﾄ","−"
"1008","(全国農業地域)_近畿","1005","気象被害_日照不足_被害面積","ha","74100"
"1008","(全国農業地域)_近畿","1006","気象被害_日照不足_被害量","t","11300"
"1008","(全国農業地域)_近畿","1007","気象被害_日照不足_被害率_実数","%","2.2"
"1008","(全国農業地域)_近畿","1008","気象被害_日照不足_被害率_対前年差","ﾎﾟｲﾝﾄ","-0.3"
"1008","(全国農業地域)_近畿","1009","気象被害_高温障害_被害面積","ha","7830"
"1008","(全国農業地域)_近畿","1010","気象被害_高温障害_被害量","t","723"
"1008","(全国農業地域)_近畿","1011","気象被害_高温障害_被害率_実数","%","0.1"
"1008","(全国農業地域)_近畿","1012","気象被害_高温障害_被害率_対前年差","ﾎﾟｲﾝﾄ","-1.0"
"1008","(全国農業地域)_近畿","1013","病害_いもち病_被害面積","ha","21100"
"1008","(全国農業地域)_近畿","1014","病害_いもち病_被害量","t","8570"
"1008","(全国農業地域)_近畿","1015","病害_いもち病_被害率_実数","%","1.7"
"1008","(全国農業地域)_近畿","1016","病害_いもち病_被害率_対前年差","ﾎﾟｲﾝﾄ","0.8"
"1008","(全国農業地域)_近畿","1017","虫害_ウンカ_被害面積","ha","4040"
"1008","(全国農業地域)_近畿","1018","虫害_ウンカ_被害量","t","441"
"1008","(全国農業地域)_近畿","1019","虫害_ウンカ_被害率_実数","%","0.1"
"1008","(全国農業地域)_近畿","1020","虫害_ウンカ_被害率_対前年差","ﾎﾟｲﾝﾄ","-2.1"
"1008","(全国農業地域)_近畿","1021","虫害_カメムシ_被害面積","ha","8850"
"1008","(全国農業地域)_近畿","1022","虫害_カメムシ_被害量","t","699"
"1008","(全国農業地域)_近畿","1023","虫害_カメムシ_被害率_実数","%","0.1"
"1008","(全国農業地域)_近畿","1024","虫害_カメムシ_被害率_対前年差","ﾎﾟｲﾝﾄ","-0.2"
"1009","(全国農業地域)_中国","1001","気象被害_冷害_被害面積","ha","−"
"1009","(全国農業地域)_中国","1002","気象被害_冷害_被害量","t","−"
"1009","(全国農業地域)_中国","1003","気象被害_冷害_被害率_実数","%","−"
"1009","(全国農業地域)_中国","1004","気象被害_冷害_被害率_対前年差","ﾎﾟｲﾝﾄ","−"
"1009","(全国農業地域)_中国","1005","気象被害_日照不足_被害面積","ha","58500"
"1009","(全国農業地域)_中国","1006","気象被害_日照不足_被害量","t","10700"
"1009","(全国農業地域)_中国","1007","気象被害_日照不足_被害率_実数","%","2.1"
"1009","(全国農業地域)_中国","1008","気象被害_日照不足_被害率_対前年差","ﾎﾟｲﾝﾄ","-0.6"
"1009","(全国農業地域)_中国","1009","気象被害_高温障害_被害面積","ha","14800"
"1009","(全国農業地域)_中国","1010","気象被害_高温障害_被害量","t","1870"
"1009","(全国農業地域)_中国","1011","気象被害_高温障害_被害率_実数","%","0.4"
"1009","(全国農業地域)_中国","1012","気象被害_高温障害_被害率_対前年差","ﾎﾟｲﾝﾄ","-0.9"
"1009","(全国農業地域)_中国","1013","病害_いもち病_被害面積","ha","29600"
"1009","(全国農業地域)_中国","1014","病害_いもち病_被害量","t","8950"
"1009","(全国農業地域)_中国","1015","病害_いもち病_被害率_実数","%","1.7"
"1009","(全国農業地域)_中国","1016","病害_いもち病_被害率_対前年差","ﾎﾟｲﾝﾄ","0.7"
"1009","(全国農業地域)_中国","1017","虫害_ウンカ_被害面積","ha","3830"
"1009","(全国農業地域)_中国","1018","虫害_ウンカ_被害量","t","591"
"1009","(全国農業地域)_中国","1019","虫害_ウンカ_被害率_実数","%","0.1"
"1009","(全国農業地域)_中国","1020","虫害_ウンカ_被害率_対前年差","ﾎﾟｲﾝﾄ","-4.6"
"1009","(全国農業地域)_中国","1021","虫害_カメムシ_被害面積","ha","7740"
"1009","(全国農業地域)_中国","1022","虫害_カメムシ_被害量","t","1400"
"1009","(全国農業地域)_中国","1023","虫害_カメムシ_被害率_実数","%","0.3"
"1009","(全国農業地域)_中国","1024","虫害_カメムシ_被害率_対前年差","ﾎﾟｲﾝﾄ","0.0"
"1010","(全国農業地域)_四国","1001","気象被害_冷害_被害面積","ha","−"
"1010","(全国農業地域)_四国","1002","気象被害_冷害_被害量","t","−"
"1010","(全国農業地域)_四国","1003","気象被害_冷害_被害率_実数","%","−"
"1010","(全国農業地域)_四国","1004","気象被害_冷害_被害率_対前年差","ﾎﾟｲﾝﾄ","−"
"1010","(全国農業地域)_四国","1005","気象被害_日照不足_被害面積","ha","38600"
"1010","(全国農業地域)_四国","1006","気象被害_日照不足_被害量","t","8010"
"1010","(全国農業地域)_四国","1007","気象被害_日照不足_被害率_実数","%","3.6"
"1010","(全国農業地域)_四国","1008","気象被害_日照不足_被害率_対前年差","ﾎﾟｲﾝﾄ","0.0"
"1010","(全国農業地域)_四国","1009","気象被害_高温障害_被害面積","ha","12000"
"1010","(全国農業地域)_四国","1010","気象被害_高温障害_被害量","t","1060"
"1010","(全国農業地域)_四国","1011","気象被害_高温障害_被害率_実数","%","0.5"
"1010","(全国農業地域)_四国","1012","気象被害_高温障害_被害率_対前年差","ﾎﾟｲﾝﾄ","-1.0"
"1010","(全国農業地域)_四国","1013","病害_いもち病_被害面積","ha","16900"
"1010","(全国農業地域)_四国","1014","病害_いもち病_被害量","t","4170"
"1010","(全国農業地域)_四国","1015","病害_いもち病_被害率_実数","%","1.9"
"1010","(全国農業地域)_四国","1016","病害_いもち病_被害率_対前年差","ﾎﾟｲﾝﾄ","0.6"
"1010","(全国農業地域)_四国","1017","虫害_ウンカ_被害面積","ha","3500"
"1010","(全国農業地域)_四国","1018","虫害_ウンカ_被害量","t","536"
"1010","(全国農業地域)_四国","1019","虫害_ウンカ_被害率_実数","%","0.2"
"1010","(全国農業地域)_四国","1020","虫害_ウンカ_被害率_対前年差","ﾎﾟｲﾝﾄ","-1.5"
"1010","(全国農業地域)_四国","1021","虫害_カメムシ_被害面積","ha","10400"
"1010","(全国農業地域)_四国","1022","虫害_カメムシ_被害量","t","618"
"1010","(全国農業地域)_四国","1023","虫害_カメムシ_被害率_実数","%","0.3"
"1010","(全国農業地域)_四国","1024","虫害_カメムシ_被害率_対前年差","ﾎﾟｲﾝﾄ","0.0"
"1011","(全国農業地域)_九州","1001","気象被害_冷害_被害面積","ha","−"
"1011","(全国農業地域)_九州","1002","気象被害_冷害_被害量","t","−"
"1011","(全国農業地域)_九州","1003","気象被害_冷害_被害率_実数","%","−"
"1011","(全国農業地域)_九州","1004","気象被害_冷害_被害率_対前年差","ﾎﾟｲﾝﾄ","−"
"1011","(全国農業地域)_九州","1005","気象被害_日照不足_被害面積","ha","149800"
"1011","(全国農業地域)_九州","1006","気象被害_日照不足_被害量","t","50800"
"1011","(全国農業地域)_九州","1007","気象被害_日照不足_被害率_実数","%","6.5"
"1011","(全国農業地域)_九州","1008","気象被害_日照不足_被害率_対前年差","ﾎﾟｲﾝﾄ","-2.3"
"1011","(全国農業地域)_九州","1009","気象被害_高温障害_被害面積","ha","20500"
"1011","(全国農業地域)_九州","1010","気象被害_高温障害_被害量","t","1330"
"1011","(全国農業地域)_九州","1011","気象被害_高温障害_被害率_実数","%","0.2"
"1011","(全国農業地域)_九州","1012","気象被害_高温障害_被害率_対前年差","ﾎﾟｲﾝﾄ","-1.4"
"1011","(全国農業地域)_九州","1013","病害_いもち病_被害面積","ha","63000"
"1011","(全国農業地域)_九州","1014","病害_いもち病_被害量","t","20500"
"1011","(全国農業地域)_九州","1015","病害_いもち病_被害率_実数","%","2.6"
"1011","(全国農業地域)_九州","1016","病害_いもち病_被害率_対前年差","ﾎﾟｲﾝﾄ","0.8"
"1011","(全国農業地域)_九州","1017","虫害_ウンカ_被害面積","ha","5460"
"1011","(全国農業地域)_九州","1018","虫害_ウンカ_被害量","t","1350"
"1011","(全国農業地域)_九州","1019","虫害_ウンカ_被害率_実数","%","0.2"
"1011","(全国農業地域)_九州","1020","虫害_ウンカ_被害率_対前年差","ﾎﾟｲﾝﾄ","-2.3"
"1011","(全国農業地域)_九州","1021","虫害_カメムシ_被害面積","ha","11000"
"1011","(全国農業地域)_九州","1022","虫害_カメムシ_被害量","t","1610"
"1011","(全国農業地域)_九州","1023","虫害_カメムシ_被害率_実数","%","0.2"
"1011","(全国農業地域)_九州","1024","虫害_カメムシ_被害率_対前年差","ﾎﾟｲﾝﾄ","0.0"
"1012","(全国農業地域)_沖縄","1001","気象被害_冷害_被害面積","ha","−"
"1012","(全国農業地域)_沖縄","1002","気象被害_冷害_被害量","t","−"
"1012","(全国農業地域)_沖縄","1003","気象被害_冷害_被害率_実数","%","−"
"1012","(全国農業地域)_沖縄","1004","気象被害_冷害_被害率_対前年差","ﾎﾟｲﾝﾄ","−"
"1012","(全国農業地域)_沖縄","1005","気象被害_日照不足_被害面積","ha","−"
"1012","(全国農業地域)_沖縄","1006","気象被害_日照不足_被害量","t","−"
"1012","(全国農業地域)_沖縄","1007","気象被害_日照不足_被害率_実数","%","−"
"1012","(全国農業地域)_沖縄","1008","気象被害_日照不足_被害率_対前年差","ﾎﾟｲﾝﾄ","−"
"1012","(全国農業地域)_沖縄","1009","気象被害_高温障害_被害面積","ha","10"
"1012","(全国農業地域)_沖縄","1010","気象被害_高温障害_被害量","t","1"
"1012","(全国農業地域)_沖縄","1011","気象被害_高温障害_被害率_実数","%","0.0"
"1012","(全国農業地域)_沖縄","1012","気象被害_高温障害_被害率_対前年差","ﾎﾟｲﾝﾄ","0.0"
"1012","(全国農業地域)_沖縄","1013","病害_いもち病_被害面積","ha","13"
"1012","(全国農業地域)_沖縄","1014","病害_いもち病_被害量","t","9"
"1012","(全国農業地域)_沖縄","1015","病害_いもち病_被害率_実数","%","0.4"
"1012","(全国農業地域)_沖縄","1016","病害_いもち病_被害率_対前年差","ﾎﾟｲﾝﾄ","-0.2"
"1012","(全国農業地域)_沖縄","1017","虫害_ウンカ_被害面積","ha","1"
"1012","(全国農業地域)_沖縄","1018","虫害_ウンカ_被害量","t","1"
"1012","(全国農業地域)_沖縄","1019","虫害_ウンカ_被害率_実数","%","0.0"
"1012","(全国農業地域)_沖縄","1020","虫害_ウンカ_被害率_対前年差","ﾎﾟｲﾝﾄ","0.0"
"1012","(全国農業地域)_沖縄","1021","虫害_カメムシ_被害面積","ha","−"
"1012","(全国農業地域)_沖縄","1022","虫害_カメムシ_被害量","t","−"
"1012","(全国農業地域)_沖縄","1023","虫害_カメムシ_被害率_実数","%","−"
"1012","(全国農業地域)_沖縄","1024","虫害_カメムシ_被害率_対前年差","ﾎﾟｲﾝﾄ","-0.3"
"1013","(都道府県)_北海道","1001","気象被害_冷害_被害面積","ha","2800"
"1013","(都道府県)_北海道","1002","気象被害_冷害_被害量","t","243"
"1013","(都道府県)_北海道","1003","気象被害_冷害_被害率_実数","%","0.0"
"1013","(都道府県)_北海道","1004","気象被害_冷害_被害率_対前年差","ﾎﾟｲﾝﾄ","-0.7"
"1013","(都道府県)_北海道","1005","気象被害_日照不足_被害面積","ha","3970"
"1013","(都道府県)_北海道","1006","気象被害_日照不足_被害量","t","581"
"1013","(都道府県)_北海道","1007","気象被害_日照不足_被害率_実数","%","0.1"
"1013","(都道府県)_北海道","1008","気象被害_日照不足_被害率_対前年差","ﾎﾟｲﾝﾄ","-2.5"
"1013","(都道府県)_北海道","1009","気象被害_高温障害_被害面積","ha","26000"
"1013","(都道府県)_北海道","1010","気象被害_高温障害_被害量","t","2490"
"1013","(都道府県)_北海道","1011","気象被害_高温障害_被害率_実数","%","0.5"
"1013","(都道府県)_北海道","1012","気象被害_高温障害_被害率_対前年差","ﾎﾟｲﾝﾄ","0.4"
"1013","(都道府県)_北海道","1013","病害_いもち病_被害面積","ha","645"
"1013","(都道府県)_北海道","1014","病害_いもち病_被害量","t","54"
"1013","(都道府県)_北海道","1015","病害_いもち病_被害率_実数","%","0.0"
"1013","(都道府県)_北海道","1016","病害_いもち病_被害率_対前年差","ﾎﾟｲﾝﾄ","0.0"
"1013","(都道府県)_北海道","1017","虫害_ウンカ_被害面積","ha","443"
"1013","(都道府県)_北海道","1018","虫害_ウンカ_被害量","t","51"
"1013","(都道府県)_北海道","1019","虫害_ウンカ_被害率_実数","%","0.0"
"1013","(都道府県)_北海道","1020","虫害_ウンカ_被害率_対前年差","ﾎﾟｲﾝﾄ","0.0"
"1013","(都道府県)_北海道","1021","虫害_カメムシ_被害面積","ha","3190"
"1013","(都道府県)_北海道","1022","虫害_カメムシ_被害量","t","294"
"1013","(都道府県)_北海道","1023","虫害_カメムシ_被害率_実数","%","0.1"
"1013","(都道府県)_北海道","1024","虫害_カメムシ_被害率_対前年差","ﾎﾟｲﾝﾄ","0.1"
"1014","(都道府県)_青森","1001","気象被害_冷害_被害面積","ha","4300"
"1014","(都道府県)_青森","1002","気象被害_冷害_被害量","t","500"
"1014","(都道府県)_青森","1003","気象被害_冷害_被害率_実数","%","0.2"
"1014","(都道府県)_青森","1004","気象被害_冷害_被害率_対前年差","ﾎﾟｲﾝﾄ","-0.4"
"1014","(都道府県)_青森","1005","気象被害_日照不足_被害面積","ha","41700"
"1014","(都道府県)_青森","1006","気象被害_日照不足_被害量","t","3500"
"1014","(都道府県)_青森","1007","気象被害_日照不足_被害率_実数","%","1.4"
"1014","(都道府県)_青森","1008","気象被害_日照不足_被害率_対前年差","ﾎﾟｲﾝﾄ","0.3"
"1014","(都道府県)_青森","1009","気象被害_高温障害_被害面積","ha","−"
"1014","(都道府県)_青森","1010","気象被害_高温障害_被害量","t","−"
"1014","(都道府県)_青森","1011","気象被害_高温障害_被害率_実数","%","−"
"1014","(都道府県)_青森","1012","気象被害_高温障害_被害率_対前年差","ﾎﾟｲﾝﾄ","-0.1"
"1014","(都道府県)_青森","1013","病害_いもち病_被害面積","ha","2000"
"1014","(都道府県)_青森","1014","病害_いもち病_被害量","t","200"
"1014","(都道府県)_青森","1015","病害_いもち病_被害率_実数","%","0.1"
"1014","(都道府県)_青森","1016","病害_いもち病_被害率_対前年差","ﾎﾟｲﾝﾄ","-0.4"
"1014","(都道府県)_青森","1017","虫害_ウンカ_被害面積","ha","450"
"1014","(都道府県)_青森","1018","虫害_ウンカ_被害量","t","20"
"1014","(都道府県)_青森","1019","虫害_ウンカ_被害率_実数","%","0.0"
"1014","(都道府県)_青森","1020","虫害_ウンカ_被害率_対前年差","ﾎﾟｲﾝﾄ","0.0"
"1014","(都道府県)_青森","1021","虫害_カメムシ_被害面積","ha","1600"
"1014","(都道府県)_青森","1022","虫害_カメムシ_被害量","t","150"
"1014","(都道府県)_青森","1023","虫害_カメムシ_被害率_実数","%","0.1"
"1014","(都道府県)_青森","1024","虫害_カメムシ_被害率_対前年差","ﾎﾟｲﾝﾄ","-0.4"
"1015","(都道府県)_岩手","1001","気象被害_冷害_被害面積","ha","152"
"1015","(都道府県)_岩手","1002","気象被害_冷害_被害量","t","66"
"1015","(都道府県)_岩手","1003","気象被害_冷害_被害率_実数","%","0.0"
"1015","(都道府県)_岩手","1004","気象被害_冷害_被害率_対前年差","ﾎﾟｲﾝﾄ","0.0"
"1015","(都道府県)_岩手","1005","気象被害_日照不足_被害面積","ha","48400"
"1015","(都道府県)_岩手","1006","気象被害_日照不足_被害量","t","10600"
"1015","(都道府県)_岩手","1007","気象被害_日照不足_被害率_実数","%","4.1"
"1015","(都道府県)_岩手","1008","気象被害_日照不足_被害率_対前年差","ﾎﾟｲﾝﾄ","1.3"
"1015","(都道府県)_岩手","1009","気象被害_高温障害_被害面積","ha","−"
"1015","(都道府県)_岩手","1010","気象被害_高温障害_被害量","t","−"
"1015","(都道府県)_岩手","1011","気象被害_高温障害_被害率_実数","%","−"
"1015","(都道府県)_岩手","1012","気象被害_高温障害_被害率_対前年差","ﾎﾟｲﾝﾄ","-0.1"
"1015","(都道府県)_岩手","1013","病害_いもち病_被害面積","ha","3240"
"1015","(都道府県)_岩手","1014","病害_いもち病_被害量","t","1890"
"1015","(都道府県)_岩手","1015","病害_いもち病_被害率_実数","%","0.7"
"1015","(都道府県)_岩手","1016","病害_いもち病_被害率_対前年差","ﾎﾟｲﾝﾄ","-1.3"
"1015","(都道府県)_岩手","1017","虫害_ウンカ_被害面積","ha","64"
"1015","(都道府県)_岩手","1018","虫害_ウンカ_被害量","t","3"
"1015","(都道府県)_岩手","1019","虫害_ウンカ_被害率_実数","%","0.0"
"1015","(都道府県)_岩手","1020","虫害_ウンカ_被害率_対前年差","ﾎﾟｲﾝﾄ","0.0"
"1015","(都道府県)_岩手","1021","虫害_カメムシ_被害面積","ha","1040"
"1015","(都道府県)_岩手","1022","虫害_カメムシ_被害量","t","108"
"1015","(都道府県)_岩手","1023","虫害_カメムシ_被害率_実数","%","0.0"
"1015","(都道府県)_岩手","1024","虫害_カメムシ_被害率_対前年差","ﾎﾟｲﾝﾄ","-0.2"
"1016","(都道府県)_宮城","1001","気象被害_冷害_被害面積","ha","−"
"1016","(都道府県)_宮城","1002","気象被害_冷害_被害量","t","−"
"1016","(都道府県)_宮城","1003","気象被害_冷害_被害率_実数","%","−"
"1016","(都道府県)_宮城","1004","気象被害_冷害_被害率_対前年差","ﾎﾟｲﾝﾄ","−"
"1016","(都道府県)_宮城","1005","気象被害_日照不足_被害面積","ha","64600"
"1016","(都道府県)_宮城","1006","気象被害_日照不足_被害量","t","16400"
"1016","(都道府県)_宮城","1007","気象被害_日照不足_被害率_実数","%","4.7"
"1016","(都道府県)_宮城","1008","気象被害_日照不足_被害率_対前年差","ﾎﾟｲﾝﾄ","0.7"
"1016","(都道府県)_宮城","1009","気象被害_高温障害_被害面積","ha","−"
"1016","(都道府県)_宮城","1010","気象被害_高温障害_被害量","t","−"
"1016","(都道府県)_宮城","1011","気象被害_高温障害_被害率_実数","%","−"
"1016","(都道府県)_宮城","1012","気象被害_高温障害_被害率_対前年差","ﾎﾟｲﾝﾄ","-0.1"
"1016","(都道府県)_宮城","1013","病害_いもち病_被害面積","ha","7630"
"1016","(都道府県)_宮城","1014","病害_いもち病_被害量","t","1620"
"1016","(都道府県)_宮城","1015","病害_いもち病_被害率_実数","%","0.5"
"1016","(都道府県)_宮城","1016","病害_いもち病_被害率_対前年差","ﾎﾟｲﾝﾄ","-0.2"
"1016","(都道府県)_宮城","1017","虫害_ウンカ_被害面積","ha","80"
"1016","(都道府県)_宮城","1018","虫害_ウンカ_被害量","t","3"
"1016","(都道府県)_宮城","1019","虫害_ウンカ_被害率_実数","%","0.0"
"1016","(都道府県)_宮城","1020","虫害_ウンカ_被害率_対前年差","ﾎﾟｲﾝﾄ","0.0"
"1016","(都道府県)_宮城","1021","虫害_カメムシ_被害面積","ha","2400"
"1016","(都道府県)_宮城","1022","虫害_カメムシ_被害量","t","170"
"1016","(都道府県)_宮城","1023","虫害_カメムシ_被害率_実数","%","0.0"
"1016","(都道府県)_宮城","1024","虫害_カメムシ_被害率_対前年差","ﾎﾟｲﾝﾄ","-0.2"
"1017","(都道府県)_秋田","1001","気象被害_冷害_被害面積","ha","−"
"1017","(都道府県)_秋田","1002","気象被害_冷害_被害量","t","−"
"1017","(都道府県)_秋田","1003","気象被害_冷害_被害率_実数","%","−"
"1017","(都道府県)_秋田","1004","気象被害_冷害_被害率_対前年差","ﾎﾟｲﾝﾄ","−"
"1017","(都道府県)_秋田","1005","気象被害_日照不足_被害面積","ha","84800"
"1017","(都道府県)_秋田","1006","気象被害_日照不足_被害量","t","17100"
"1017","(都道府県)_秋田","1007","気象被害_日照不足_被害率_実数","%","3.5"
"1017","(都道府県)_秋田","1008","気象被害_日照不足_被害率_対前年差","ﾎﾟｲﾝﾄ","2.0"
"1017","(都道府県)_秋田","1009","気象被害_高温障害_被害面積","ha","50900"
"1017","(都道府県)_秋田","1010","気象被害_高温障害_被害量","t","1020"
"1017","(都道府県)_秋田","1011","気象被害_高温障害_被害率_実数","%","0.2"
"1017","(都道府県)_秋田","1012","気象被害_高温障害_被害率_対前年差","ﾎﾟｲﾝﾄ","0.1"
"1017","(都道府県)_秋田","1013","病害_いもち病_被害面積","ha","16100"
"1017","(都道府県)_秋田","1014","病害_いもち病_被害量","t","868"
"1017","(都道府県)_秋田","1015","病害_いもち病_被害率_実数","%","0.2"
"1017","(都道府県)_秋田","1016","病害_いもち病_被害率_対前年差","ﾎﾟｲﾝﾄ","-1.5"
"1017","(都道府県)_秋田","1017","虫害_ウンカ_被害面積","ha","627"
"1017","(都道府県)_秋田","1018","虫害_ウンカ_被害量","t","6"
"1017","(都道府県)_秋田","1019","虫害_ウンカ_被害率_実数","%","0.0"
"1017","(都道府県)_秋田","1020","虫害_ウンカ_被害率_対前年差","ﾎﾟｲﾝﾄ","0.0"
"1017","(都道府県)_秋田","1021","虫害_カメムシ_被害面積","ha","6410"
"1017","(都道府県)_秋田","1022","虫害_カメムシ_被害量","t","128"
"1017","(都道府県)_秋田","1023","虫害_カメムシ_被害率_実数","%","0.0"
"1017","(都道府県)_秋田","1024","虫害_カメムシ_被害率_対前年差","ﾎﾟｲﾝﾄ","-0.1"
"1018","(都道府県)_山形","1001","気象被害_冷害_被害面積","ha","−"
"1018","(都道府県)_山形","1002","気象被害_冷害_被害量","t","−"
"1018","(都道府県)_山形","1003","気象被害_冷害_被害率_実数","%","−"
"1018","(都道府県)_山形","1004","気象被害_冷害_被害率_対前年差","ﾎﾟｲﾝﾄ","−"
"1018","(都道府県)_山形","1005","気象被害_日照不足_被害面積","ha","62900"
"1018","(都道府県)_山形","1006","気象被害_日照不足_被害量","t","4770"
"1018","(都道府県)_山形","1007","気象被害_日照不足_被害率_実数","%","1.3"
"1018","(都道府県)_山形","1008","気象被害_日照不足_被害率_対前年差","ﾎﾟｲﾝﾄ","0.1"
"1018","(都道府県)_山形","1009","気象被害_高温障害_被害面積","ha","35000"
"1018","(都道府県)_山形","1010","気象被害_高温障害_被害量","t","1440"
"1018","(都道府県)_山形","1011","気象被害_高温障害_被害率_実数","%","0.4"
"1018","(都道府県)_山形","1012","気象被害_高温障害_被害率_対前年差","ﾎﾟｲﾝﾄ","-0.1"
"1018","(都道府県)_山形","1013","病害_いもち病_被害面積","ha","18000"
"1018","(都道府県)_山形","1014","病害_いもち病_被害量","t","4400"
"1018","(都道府県)_山形","1015","病害_いもち病_被害率_実数","%","1.2"
"1018","(都道府県)_山形","1016","病害_いもち病_被害率_対前年差","ﾎﾟｲﾝﾄ","-0.1"
"1018","(都道府県)_山形","1017","虫害_ウンカ_被害面積","ha","409"
"1018","(都道府県)_山形","1018","虫害_ウンカ_被害量","t","26"
"1018","(都道府県)_山形","1019","虫害_ウンカ_被害率_実数","%","0.0"
"1018","(都道府県)_山形","1020","虫害_ウンカ_被害率_対前年差","ﾎﾟｲﾝﾄ","0.0"
"1018","(都道府県)_山形","1021","虫害_カメムシ_被害面積","ha","7000"
"1018","(都道府県)_山形","1022","虫害_カメムシ_被害量","t","566"
"1018","(都道府県)_山形","1023","虫害_カメムシ_被害率_実数","%","0.2"
"1018","(都道府県)_山形","1024","虫害_カメムシ_被害率_対前年差","ﾎﾟｲﾝﾄ","0.1"
"1019","(都道府県)_福島","1001","気象被害_冷害_被害面積","ha","4530"
"1019","(都道府県)_福島","1002","気象被害_冷害_被害量","t","940"
"1019","(都道府県)_福島","1003","気象被害_冷害_被害率_実数","%","0.3"
"1019","(都道府県)_福島","1004","気象被害_冷害_被害率_対前年差","ﾎﾟｲﾝﾄ","0.3"
"1019","(都道府県)_福島","1005","気象被害_日照不足_被害面積","ha","60500"
"1019","(都道府県)_福島","1006","気象被害_日照不足_被害量","t","12600"
"1019","(都道府県)_福島","1007","気象被害_日照不足_被害率_実数","%","3.8"
"1019","(都道府県)_福島","1008","気象被害_日照不足_被害率_対前年差","ﾎﾟｲﾝﾄ","0.9"
"1019","(都道府県)_福島","1009","気象被害_高温障害_被害面積","ha","−"
"1019","(都道府県)_福島","1010","気象被害_高温障害_被害量","t","−"
"1019","(都道府県)_福島","1011","気象被害_高温障害_被害率_実数","%","−"
"1019","(都道府県)_福島","1012","気象被害_高温障害_被害率_対前年差","ﾎﾟｲﾝﾄ","-0.4"
"1019","(都道府県)_福島","1013","病害_いもち病_被害面積","ha","17200"
"1019","(都道府県)_福島","1014","病害_いもち病_被害量","t","4180"
"1019","(都道府県)_福島","1015","病害_いもち病_被害率_実数","%","1.3"
"1019","(都道府県)_福島","1016","病害_いもち病_被害率_対前年差","ﾎﾟｲﾝﾄ","0.1"
"1019","(都道府県)_福島","1017","虫害_ウンカ_被害面積","ha","333"
"1019","(都道府県)_福島","1018","虫害_ウンカ_被害量","t","26"
"1019","(都道府県)_福島","1019","虫害_ウンカ_被害率_実数","%","0.0"
"1019","(都道府県)_福島","1020","虫害_ウンカ_被害率_対前年差","ﾎﾟｲﾝﾄ","0.0"
"1019","(都道府県)_福島","1021","虫害_カメムシ_被害面積","ha","4290"
"1019","(都道府県)_福島","1022","虫害_カメムシ_被害量","t","426"
"1019","(都道府県)_福島","1023","虫害_カメムシ_被害率_実数","%","0.1"
"1019","(都道府県)_福島","1024","虫害_カメムシ_被害率_対前年差","ﾎﾟｲﾝﾄ","-0.1"
"1020","(都道府県)_茨城","1001","気象被害_冷害_被害面積","ha","−"
"1020","(都道府県)_茨城","1002","気象被害_冷害_被害量","t","−"
"1020","(都道府県)_茨城","1003","気象被害_冷害_被害率_実数","%","−"
"1020","(都道府県)_茨城","1004","気象被害_冷害_被害率_対前年差","ﾎﾟｲﾝﾄ","−"
"1020","(都道府県)_茨城","1005","気象被害_日照不足_被害面積","ha","24000"
"1020","(都道府県)_茨城","1006","気象被害_日照不足_被害量","t","8120"
"1020","(都道府県)_茨城","1007","気象被害_日照不足_被害率_実数","%","2.4"
"1020","(都道府県)_茨城","1008","気象被害_日照不足_被害率_対前年差","ﾎﾟｲﾝﾄ","-0.5"
"1020","(都道府県)_茨城","1009","気象被害_高温障害_被害面積","ha","9530"
"1020","(都道府県)_茨城","1010","気象被害_高温障害_被害量","t","2340"
"1020","(都道府県)_茨城","1011","気象被害_高温障害_被害率_実数","%","0.7"
"1020","(都道府県)_茨城","1012","気象被害_高温障害_被害率_対前年差","ﾎﾟｲﾝﾄ","-0.2"
"1020","(都道府県)_茨城","1013","病害_いもち病_被害面積","ha","10800"
"1020","(都道府県)_茨城","1014","病害_いもち病_被害量","t","3090"
"1020","(都道府県)_茨城","1015","病害_いもち病_被害率_実数","%","0.9"
"1020","(都道府県)_茨城","1016","病害_いもち病_被害率_対前年差","ﾎﾟｲﾝﾄ","0.1"
"1020","(都道府県)_茨城","1017","虫害_ウンカ_被害面積","ha","1170"
"1020","(都道府県)_茨城","1018","虫害_ウンカ_被害量","t","220"
"1020","(都道府県)_茨城","1019","虫害_ウンカ_被害率_実数","%","0.1"
"1020","(都道府県)_茨城","1020","虫害_ウンカ_被害率_対前年差","ﾎﾟｲﾝﾄ","0.0"
"1020","(都道府県)_茨城","1021","虫害_カメムシ_被害面積","ha","8890"
"1020","(都道府県)_茨城","1022","虫害_カメムシ_被害量","t","1440"
"1020","(都道府県)_茨城","1023","虫害_カメムシ_被害率_実数","%","0.4"
"1020","(都道府県)_茨城","1024","虫害_カメムシ_被害率_対前年差","ﾎﾟｲﾝﾄ","-0.1"
"1021","(都道府県)_栃木","1001","気象被害_冷害_被害面積","ha","−"
"1021","(都道府県)_栃木","1002","気象被害_冷害_被害量","t","−"
"1021","(都道府県)_栃木","1003","気象被害_冷害_被害率_実数","%","−"
"1021","(都道府県)_栃木","1004","気象被害_冷害_被害率_対前年差","ﾎﾟｲﾝﾄ","−"
"1021","(都道府県)_栃木","1005","気象被害_日照不足_被害面積","ha","54800"
"1021","(都道府県)_栃木","1006","気象被害_日照不足_被害量","t","9800"
"1021","(都道府県)_栃木","1007","気象被害_日照不足_被害率_実数","%","3.3"
"1021","(都道府県)_栃木","1008","気象被害_日照不足_被害率_対前年差","ﾎﾟｲﾝﾄ","-0.5"
"1021","(都道府県)_栃木","1009","気象被害_高温障害_被害面積","ha","−"
"1021","(都道府県)_栃木","1010","気象被害_高温障害_被害量","t","−"
"1021","(都道府県)_栃木","1011","気象被害_高温障害_被害率_実数","%","−"
"1021","(都道府県)_栃木","1012","気象被害_高温障害_被害率_対前年差","ﾎﾟｲﾝﾄ","-0.3"
"1021","(都道府県)_栃木","1013","病害_いもち病_被害面積","ha","18000"
"1021","(都道府県)_栃木","1014","病害_いもち病_被害量","t","4100"
"1021","(都道府県)_栃木","1015","病害_いもち病_被害率_実数","%","1.4"
"1021","(都道府県)_栃木","1016","病害_いもち病_被害率_対前年差","ﾎﾟｲﾝﾄ","-0.2"
"1021","(都道府県)_栃木","1017","虫害_ウンカ_被害面積","ha","2450"
"1021","(都道府県)_栃木","1018","虫害_ウンカ_被害量","t","220"
"1021","(都道府県)_栃木","1019","虫害_ウンカ_被害率_実数","%","0.1"
"1021","(都道府県)_栃木","1020","虫害_ウンカ_被害率_対前年差","ﾎﾟｲﾝﾄ","0.0"
"1021","(都道府県)_栃木","1021","虫害_カメムシ_被害面積","ha","3300"
"1021","(都道府県)_栃木","1022","虫害_カメムシ_被害量","t","240"
"1021","(都道府県)_栃木","1023","虫害_カメムシ_被害率_実数","%","0.1"
"1021","(都道府県)_栃木","1024","虫害_カメムシ_被害率_対前年差","ﾎﾟｲﾝﾄ","-0.2"
"1022","(都道府県)_群馬","1001","気象被害_冷害_被害面積","ha","175"
"1022","(都道府県)_群馬","1002","気象被害_冷害_被害量","t","100"
"1022","(都道府県)_群馬","1003","気象被害_冷害_被害率_実数","%","0.1"
"1022","(都道府県)_群馬","1004","気象被害_冷害_被害率_対前年差","ﾎﾟｲﾝﾄ","0.0"
"1022","(都道府県)_群馬","1005","気象被害_日照不足_被害面積","ha","5060"
"1022","(都道府県)_群馬","1006","気象被害_日照不足_被害量","t","3610"
"1022","(都道府県)_群馬","1007","気象被害_日照不足_被害率_実数","%","4.9"
"1022","(都道府県)_群馬","1008","気象被害_日照不足_被害率_対前年差","ﾎﾟｲﾝﾄ","1.7"
"1022","(都道府県)_群馬","1009","気象被害_高温障害_被害面積","ha","2020"
"1022","(都道府県)_群馬","1010","気象被害_高温障害_被害量","t","1180"
"1022","(都道府県)_群馬","1011","気象被害_高温障害_被害率_実数","%","1.6"
"1022","(都道府県)_群馬","1012","気象被害_高温障害_被害率_対前年差","ﾎﾟｲﾝﾄ","-0.8"
"1022","(都道府県)_群馬","1013","病害_いもち病_被害面積","ha","2280"
"1022","(都道府県)_群馬","1014","病害_いもち病_被害量","t","1100"
"1022","(都道府県)_群馬","1015","病害_いもち病_被害率_実数","%","1.5"
"1022","(都道府県)_群馬","1016","病害_いもち病_被害率_対前年差","ﾎﾟｲﾝﾄ","0.5"
"1022","(都道府県)_群馬","1017","虫害_ウンカ_被害面積","ha","1670"
"1022","(都道府県)_群馬","1018","虫害_ウンカ_被害量","t","280"
"1022","(都道府県)_群馬","1019","虫害_ウンカ_被害率_実数","%","0.4"
"1022","(都道府県)_群馬","1020","虫害_ウンカ_被害率_対前年差","ﾎﾟｲﾝﾄ","0.0"
"1022","(都道府県)_群馬","1021","虫害_カメムシ_被害面積","ha","772"
"1022","(都道府県)_群馬","1022","虫害_カメムシ_被害量","t","145"
"1022","(都道府県)_群馬","1023","虫害_カメムシ_被害率_実数","%","0.2"
"1022","(都道府県)_群馬","1024","虫害_カメムシ_被害率_対前年差","ﾎﾟｲﾝﾄ","0.0"
"1023","(都道府県)_埼玉","1001","気象被害_冷害_被害面積","ha","−"
"1023","(都道府県)_埼玉","1002","気象被害_冷害_被害量","t","−"
"1023","(都道府県)_埼玉","1003","気象被害_冷害_被害率_実数","%","−"
"1023","(都道府県)_埼玉","1004","気象被害_冷害_被害率_対前年差","ﾎﾟｲﾝﾄ","−"
"1023","(都道府県)_埼玉","1005","気象被害_日照不足_被害面積","ha","20600"
"1023","(都道府県)_埼玉","1006","気象被害_日照不足_被害量","t","4170"
"1023","(都道府県)_埼玉","1007","気象被害_日照不足_被害率_実数","%","2.8"
"1023","(都道府県)_埼玉","1008","気象被害_日照不足_被害率_対前年差","ﾎﾟｲﾝﾄ","2.1"
"1023","(都道府県)_埼玉","1009","気象被害_高温障害_被害面積","ha","4490"
"1023","(都道府県)_埼玉","1010","気象被害_高温障害_被害量","t","469"
"1023","(都道府県)_埼玉","1011","気象被害_高温障害_被害率_実数","%","0.3"
"1023","(都道府県)_埼玉","1012","気象被害_高温障害_被害率_対前年差","ﾎﾟｲﾝﾄ","-3.7"
"1023","(都道府県)_埼玉","1013","病害_いもち病_被害面積","ha","9480"
"1023","(都道府県)_埼玉","1014","病害_いもち病_被害量","t","1340"
"1023","(都道府県)_埼玉","1015","病害_いもち病_被害率_実数","%","0.9"
"1023","(都道府県)_埼玉","1016","病害_いもち病_被害率_対前年差","ﾎﾟｲﾝﾄ","-0.1"
"1023","(都道府県)_埼玉","1017","虫害_ウンカ_被害面積","ha","3530"
"1023","(都道府県)_埼玉","1018","虫害_ウンカ_被害量","t","380"
"1023","(都道府県)_埼玉","1019","虫害_ウンカ_被害率_実数","%","0.3"
"1023","(都道府県)_埼玉","1020","虫害_ウンカ_被害率_対前年差","ﾎﾟｲﾝﾄ","0.2"
"1023","(都道府県)_埼玉","1021","虫害_カメムシ_被害面積","ha","1490"
"1023","(都道府県)_埼玉","1022","虫害_カメムシ_被害量","t","187"
"1023","(都道府県)_埼玉","1023","虫害_カメムシ_被害率_実数","%","0.1"
"1023","(都道府県)_埼玉","1024","虫害_カメムシ_被害率_対前年差","ﾎﾟｲﾝﾄ","0.0"
"1024","(都道府県)_千葉","1001","気象被害_冷害_被害面積","ha","−"
"1024","(都道府県)_千葉","1002","気象被害_冷害_被害量","t","−"
"1024","(都道府県)_千葉","1003","気象被害_冷害_被害率_実数","%","−"
"1024","(都道府県)_千葉","1004","気象被害_冷害_被害率_対前年差","ﾎﾟｲﾝﾄ","−"
"1024","(都道府県)_千葉","1005","気象被害_日照不足_被害面積","ha","42800"
"1024","(都道府県)_千葉","1006","気象被害_日照不足_被害量","t","5600"
"1024","(都道府県)_千葉","1007","気象被害_日照不足_被害率_実数","%","2.0"
"1024","(都道府県)_千葉","1008","気象被害_日照不足_被害率_対前年差","ﾎﾟｲﾝﾄ","-1.2"
"1024","(都道府県)_千葉","1009","気象被害_高温障害_被害面積","ha","6900"
"1024","(都道府県)_千葉","1010","気象被害_高温障害_被害量","t","1600"
"1024","(都道府県)_千葉","1011","気象被害_高温障害_被害率_実数","%","0.6"
"1024","(都道府県)_千葉","1012","気象被害_高温障害_被害率_対前年差","ﾎﾟｲﾝﾄ","-0.1"
"1024","(都道府県)_千葉","1013","病害_いもち病_被害面積","ha","6800"
"1024","(都道府県)_千葉","1014","病害_いもち病_被害量","t","2200"
"1024","(都道府県)_千葉","1015","病害_いもち病_被害率_実数","%","0.8"
"1024","(都道府県)_千葉","1016","病害_いもち病_被害率_対前年差","ﾎﾟｲﾝﾄ","0.0"
"1024","(都道府県)_千葉","1017","虫害_ウンカ_被害面積","ha","100"
"1024","(都道府県)_千葉","1018","虫害_ウンカ_被害量","t","30"
"1024","(都道府県)_千葉","1019","虫害_ウンカ_被害率_実数","%","0.0"
"1024","(都道府県)_千葉","1020","虫害_ウンカ_被害率_対前年差","ﾎﾟｲﾝﾄ","0.0"
"1024","(都道府県)_千葉","1021","虫害_カメムシ_被害面積","ha","5900"
"1024","(都道府県)_千葉","1022","虫害_カメムシ_被害量","t","410"
"1024","(都道府県)_千葉","1023","虫害_カメムシ_被害率_実数","%","0.1"
"1024","(都道府県)_千葉","1024","虫害_カメムシ_被害率_対前年差","ﾎﾟｲﾝﾄ","0.0"
"1025","(都道府県)_東京","1001","気象被害_冷害_被害面積","ha","−"
"1025","(都道府県)_東京","1002","気象被害_冷害_被害量","t","−"
"1025","(都道府県)_東京","1003","気象被害_冷害_被害率_実数","%","−"
"1025","(都道府県)_東京","1004","気象被害_冷害_被害率_対前年差","ﾎﾟｲﾝﾄ","−"
"1025","(都道府県)_東京","1005","気象被害_日照不足_被害面積","ha","72"
"1025","(都道府県)_東京","1006","気象被害_日照不足_被害量","t","6"
"1025","(都道府県)_東京","1007","気象被害_日照不足_被害率_実数","%","1.2"
"1025","(都道府県)_東京","1008","気象被害_日照不足_被害率_対前年差","ﾎﾟｲﾝﾄ","-1.7"
"1025","(都道府県)_東京","1009","気象被害_高温障害_被害面積","ha","−"
"1025","(都道府県)_東京","1010","気象被害_高温障害_被害量","t","−"
"1025","(都道府県)_東京","1011","気象被害_高温障害_被害率_実数","%","−"
"1025","(都道府県)_東京","1012","気象被害_高温障害_被害率_対前年差","ﾎﾟｲﾝﾄ","−"
"1025","(都道府県)_東京","1013","病害_いもち病_被害面積","ha","11"
"1025","(都道府県)_東京","1014","病害_いもち病_被害量","t","1"
"1025","(都道府県)_東京","1015","病害_いもち病_被害率_実数","%","0.2"
"1025","(都道府県)_東京","1016","病害_いもち病_被害率_対前年差","ﾎﾟｲﾝﾄ","-0.2"
"1025","(都道府県)_東京","1017","虫害_ウンカ_被害面積","ha","1"
"1025","(都道府県)_東京","1018","虫害_ウンカ_被害量","t","0"
"1025","(都道府県)_東京","1019","虫害_ウンカ_被害率_実数","%","0.0"
"1025","(都道府県)_東京","1020","虫害_ウンカ_被害率_対前年差","ﾎﾟｲﾝﾄ","-0.2"
"1025","(都道府県)_東京","1021","虫害_カメムシ_被害面積","ha","6"
"1025","(都道府県)_東京","1022","虫害_カメムシ_被害量","t","0"
"1025","(都道府県)_東京","1023","虫害_カメムシ_被害率_実数","%","0.0"
"1025","(都道府県)_東京","1024","虫害_カメムシ_被害率_対前年差","ﾎﾟｲﾝﾄ","0.0"
"1026","(都道府県)_神奈川","1001","気象被害_冷害_被害面積","ha","−"
"1026","(都道府県)_神奈川","1002","気象被害_冷害_被害量","t","−"
"1026","(都道府県)_神奈川","1003","気象被害_冷害_被害率_実数","%","−"
"1026","(都道府県)_神奈川","1004","気象被害_冷害_被害率_対前年差","ﾎﾟｲﾝﾄ","−"
"1026","(都道府県)_神奈川","1005","気象被害_日照不足_被害面積","ha","1400"
"1026","(都道府県)_神奈川","1006","気象被害_日照不足_被害量","t","418"
"1026","(都道府県)_神奈川","1007","気象被害_日照不足_被害率_実数","%","2.9"
"1026","(都道府県)_神奈川","1008","気象被害_日照不足_被害率_対前年差","ﾎﾟｲﾝﾄ","0.1"
"1026","(都道府県)_神奈川","1009","気象被害_高温障害_被害面積","ha","423"
"1026","(都道府県)_神奈川","1010","気象被害_高温障害_被害量","t","29"
"1026","(都道府県)_神奈川","1011","気象被害_高温障害_被害率_実数","%","0.2"
"1026","(都道府県)_神奈川","1012","気象被害_高温障害_被害率_対前年差","ﾎﾟｲﾝﾄ","-1.1"
"1026","(都道府県)_神奈川","1013","病害_いもち病_被害面積","ha","254"
"1026","(都道府県)_神奈川","1014","病害_いもち病_被害量","t","45"
"1026","(都道府県)_神奈川","1015","病害_いもち病_被害率_実数","%","0.3"
"1026","(都道府県)_神奈川","1016","病害_いもち病_被害率_対前年差","ﾎﾟｲﾝﾄ","0.3"
"1026","(都道府県)_神奈川","1017","虫害_ウンカ_被害面積","ha","88"
"1026","(都道府県)_神奈川","1018","虫害_ウンカ_被害量","t","40"
"1026","(都道府県)_神奈川","1019","虫害_ウンカ_被害率_実数","%","0.3"
"1026","(都道府県)_神奈川","1020","虫害_ウンカ_被害率_対前年差","ﾎﾟｲﾝﾄ","-0.2"
"1026","(都道府県)_神奈川","1021","虫害_カメムシ_被害面積","ha","12"
"1026","(都道府県)_神奈川","1022","虫害_カメムシ_被害量","t","1"
"1026","(都道府県)_神奈川","1023","虫害_カメムシ_被害率_実数","%","0.0"
"1026","(都道府県)_神奈川","1024","虫害_カメムシ_被害率_対前年差","ﾎﾟｲﾝﾄ","0.0"
"1027","(都道府県)_新潟","1001","気象被害_冷害_被害面積","ha","−"
"1027","(都道府県)_新潟","1002","気象被害_冷害_被害量","t","−"
"1027","(都道府県)_新潟","1003","気象被害_冷害_被害率_実数","%","−"
"1027","(都道府県)_新潟","1004","気象被害_冷害_被害率_対前年差","ﾎﾟｲﾝﾄ","−"
"1027","(都道府県)_新潟","1005","気象被害_日照不足_被害面積","ha","99600"
"1027","(都道府県)_新潟","1006","気象被害_日照不足_被害量","t","14000"
"1027","(都道府県)_新潟","1007","気象被害_日照不足_被害率_実数","%","2.2"
"1027","(都道府県)_新潟","1008","気象被害_日照不足_被害率_対前年差","ﾎﾟｲﾝﾄ","0.8"
"1027","(都道府県)_新潟","1009","気象被害_高温障害_被害面積","ha","114400"
"1027","(都道府県)_新潟","1010","気象被害_高温障害_被害量","t","18300"
"1027","(都道府県)_新潟","1011","気象被害_高温障害_被害率_実数","%","2.9"
"1027","(都道府県)_新潟","1012","気象被害_高温障害_被害率_対前年差","ﾎﾟｲﾝﾄ","2.3"
"1027","(都道府県)_新潟","1013","病害_いもち病_被害面積","ha","10400"
"1027","(都道府県)_新潟","1014","病害_いもち病_被害量","t","2170"
"1027","(都道府県)_新潟","1015","病害_いもち病_被害率_実数","%","0.3"
"1027","(都道府県)_新潟","1016","病害_いもち病_被害率_対前年差","ﾎﾟｲﾝﾄ","0.0"
"1027","(都道府県)_新潟","1017","虫害_ウンカ_被害面積","ha","4400"
"1027","(都道府県)_新潟","1018","虫害_ウンカ_被害量","t","568"
"1027","(都道府県)_新潟","1019","虫害_ウンカ_被害率_実数","%","0.1"
"1027","(都道府県)_新潟","1020","虫害_ウンカ_被害率_対前年差","ﾎﾟｲﾝﾄ","0.0"
"1027","(都道府県)_新潟","1021","虫害_カメムシ_被害面積","ha","6730"
"1027","(都道府県)_新潟","1022","虫害_カメムシ_被害量","t","825"
"1027","(都道府県)_新潟","1023","虫害_カメムシ_被害率_実数","%","0.1"
"1027","(都道府県)_新潟","1024","虫害_カメムシ_被害率_対前年差","ﾎﾟｲﾝﾄ","0.0"
"1028","(都道府県)_富山","1001","気象被害_冷害_被害面積","ha","−"
"1028","(都道府県)_富山","1002","気象被害_冷害_被害量","t","−"
"1028","(都道府県)_富山","1003","気象被害_冷害_被害率_実数","%","−"
"1028","(都道府県)_富山","1004","気象被害_冷害_被害率_対前年差","ﾎﾟｲﾝﾄ","−"
"1028","(都道府県)_富山","1005","気象被害_日照不足_被害面積","ha","32700"
"1028","(都道府県)_富山","1006","気象被害_日照不足_被害量","t","5250"
"1028","(都道府県)_富山","1007","気象被害_日照不足_被害率_実数","%","2.6"
"1028","(都道府県)_富山","1008","気象被害_日照不足_被害率_対前年差","ﾎﾟｲﾝﾄ","2.2"
"1028","(都道府県)_富山","1009","気象被害_高温障害_被害面積","ha","−"
"1028","(都道府県)_富山","1010","気象被害_高温障害_被害量","t","−"
"1028","(都道府県)_富山","1011","気象被害_高温障害_被害率_実数","%","−"
"1028","(都道府県)_富山","1012","気象被害_高温障害_被害率_対前年差","ﾎﾟｲﾝﾄ","-0.9"
"1028","(都道府県)_富山","1013","病害_いもち病_被害面積","ha","550"
"1028","(都道府県)_富山","1014","病害_いもち病_被害量","t","143"
"1028","(都道府県)_富山","1015","病害_いもち病_被害率_実数","%","0.1"
"1028","(都道府県)_富山","1016","病害_いもち病_被害率_対前年差","ﾎﾟｲﾝﾄ","0.1"
"1028","(都道府県)_富山","1017","虫害_ウンカ_被害面積","ha","179"
"1028","(都道府県)_富山","1018","虫害_ウンカ_被害量","t","1"
"1028","(都道府県)_富山","1019","虫害_ウンカ_被害率_実数","%","0.0"
"1028","(都道府県)_富山","1020","虫害_ウンカ_被害率_対前年差","ﾎﾟｲﾝﾄ","0.0"
"1028","(都道府県)_富山","1021","虫害_カメムシ_被害面積","ha","313"
"1028","(都道府県)_富山","1022","虫害_カメムシ_被害量","t","360"
"1028","(都道府県)_富山","1023","虫害_カメムシ_被害率_実数","%","0.2"
"1028","(都道府県)_富山","1024","虫害_カメムシ_被害率_対前年差","ﾎﾟｲﾝﾄ","0.2"
"1029","(都道府県)_石川","1001","気象被害_冷害_被害面積","ha","−"
"1029","(都道府県)_石川","1002","気象被害_冷害_被害量","t","−"
"1029","(都道府県)_石川","1003","気象被害_冷害_被害率_実数","%","−"
"1029","(都道府県)_石川","1004","気象被害_冷害_被害率_対前年差","ﾎﾟｲﾝﾄ","−"
"1029","(都道府県)_石川","1005","気象被害_日照不足_被害面積","ha","17600"
"1029","(都道府県)_石川","1006","気象被害_日照不足_被害量","t","870"
"1029","(都道府県)_石川","1007","気象被害_日照不足_被害率_実数","%","0.7"
"1029","(都道府県)_石川","1008","気象被害_日照不足_被害率_対前年差","ﾎﾟｲﾝﾄ","-0.3"
"1029","(都道府県)_石川","1009","気象被害_高温障害_被害面積","ha","−"
"1029","(都道府県)_石川","1010","気象被害_高温障害_被害量","t","−"
"1029","(都道府県)_石川","1011","気象被害_高温障害_被害率_実数","%","−"
"1029","(都道府県)_石川","1012","気象被害_高温障害_被害率_対前年差","ﾎﾟｲﾝﾄ","-0.1"
"1029","(都道府県)_石川","1013","病害_いもち病_被害面積","ha","2600"
"1029","(都道府県)_石川","1014","病害_いもち病_被害量","t","370"
"1029","(都道府県)_石川","1015","病害_いもち病_被害率_実数","%","0.3"
"1029","(都道府県)_石川","1016","病害_いもち病_被害率_対前年差","ﾎﾟｲﾝﾄ","0.3"
"1029","(都道府県)_石川","1017","虫害_ウンカ_被害面積","ha","50"
"1029","(都道府県)_石川","1018","虫害_ウンカ_被害量","t","1"
"1029","(都道府県)_石川","1019","虫害_ウンカ_被害率_実数","%","0.0"
"1029","(都道府県)_石川","1020","虫害_ウンカ_被害率_対前年差","ﾎﾟｲﾝﾄ","0.0"
"1029","(都道府県)_石川","1021","虫害_カメムシ_被害面積","ha","330"
"1029","(都道府県)_石川","1022","虫害_カメムシ_被害量","t","10"
"1029","(都道府県)_石川","1023","虫害_カメムシ_被害率_実数","%","0.0"
"1029","(都道府県)_石川","1024","虫害_カメムシ_被害率_対前年差","ﾎﾟｲﾝﾄ","0.0"
"1030","(都道府県)_福井","1001","気象被害_冷害_被害面積","ha","−"
"1030","(都道府県)_福井","1002","気象被害_冷害_被害量","t","−"
"1030","(都道府県)_福井","1003","気象被害_冷害_被害率_実数","%","−"
"1030","(都道府県)_福井","1004","気象被害_冷害_被害率_対前年差","ﾎﾟｲﾝﾄ","−"
"1030","(都道府県)_福井","1005","気象被害_日照不足_被害面積","ha","17400"
"1030","(都道府県)_福井","1006","気象被害_日照不足_被害量","t","1680"
"1030","(都道府県)_福井","1007","気象被害_日照不足_被害率_実数","%","1.3"
"1030","(都道府県)_福井","1008","気象被害_日照不足_被害率_対前年差","ﾎﾟｲﾝﾄ","0.6"
"1030","(都道府県)_福井","1009","気象被害_高温障害_被害面積","ha","−"
"1030","(都道府県)_福井","1010","気象被害_高温障害_被害量","t","−"
"1030","(都道府県)_福井","1011","気象被害_高温障害_被害率_実数","%","−"
"1030","(都道府県)_福井","1012","気象被害_高温障害_被害率_対前年差","ﾎﾟｲﾝﾄ","-0.4"
"1030","(都道府県)_福井","1013","病害_いもち病_被害面積","ha","5400"
"1030","(都道府県)_福井","1014","病害_いもち病_被害量","t","1420"
"1030","(都道府県)_福井","1015","病害_いもち病_被害率_実数","%","1.1"
"1030","(都道府県)_福井","1016","病害_いもち病_被害率_対前年差","ﾎﾟｲﾝﾄ","0.6"
"1030","(都道府県)_福井","1017","虫害_ウンカ_被害面積","ha","330"
"1030","(都道府県)_福井","1018","虫害_ウンカ_被害量","t","22"
"1030","(都道府県)_福井","1019","虫害_ウンカ_被害率_実数","%","0.0"
"1030","(都道府県)_福井","1020","虫害_ウンカ_被害率_対前年差","ﾎﾟｲﾝﾄ","0.0"
"1030","(都道府県)_福井","1021","虫害_カメムシ_被害面積","ha","4550"
"1030","(都道府県)_福井","1022","虫害_カメムシ_被害量","t","170"
"1030","(都道府県)_福井","1023","虫害_カメムシ_被害率_実数","%","0.1"
"1030","(都道府県)_福井","1024","虫害_カメムシ_被害率_対前年差","ﾎﾟｲﾝﾄ","-0.1"
"1031","(都道府県)_山梨","1001","気象被害_冷害_被害面積","ha","450"
"1031","(都道府県)_山梨","1002","気象被害_冷害_被害量","t","230"
"1031","(都道府県)_山梨","1003","気象被害_冷害_被害率_実数","%","0.9"
"1031","(都道府県)_山梨","1004","気象被害_冷害_被害率_対前年差","ﾎﾟｲﾝﾄ","0.2"
"1031","(都道府県)_山梨","1005","気象被害_日照不足_被害面積","ha","2910"
"1031","(都道府県)_山梨","1006","気象被害_日照不足_被害量","t","430"
"1031","(都道府県)_山梨","1007","気象被害_日照不足_被害率_実数","%","1.6"
"1031","(都道府県)_山梨","1008","気象被害_日照不足_被害率_対前年差","ﾎﾟｲﾝﾄ","0.2"
"1031","(都道府県)_山梨","1009","気象被害_高温障害_被害面積","ha","1190"
"1031","(都道府県)_山梨","1010","気象被害_高温障害_被害量","t","180"
"1031","(都道府県)_山梨","1011","気象被害_高温障害_被害率_実数","%","0.7"
"1031","(都道府県)_山梨","1012","気象被害_高温障害_被害率_対前年差","ﾎﾟｲﾝﾄ","-0.5"
"1031","(都道府県)_山梨","1013","病害_いもち病_被害面積","ha","1160"
"1031","(都道府県)_山梨","1014","病害_いもち病_被害量","t","520"
"1031","(都道府県)_山梨","1015","病害_いもち病_被害率_実数","%","2.0"
"1031","(都道府県)_山梨","1016","病害_いもち病_被害率_対前年差","ﾎﾟｲﾝﾄ","0.1"
"1031","(都道府県)_山梨","1017","虫害_ウンカ_被害面積","ha","120"
"1031","(都道府県)_山梨","1018","虫害_ウンカ_被害量","t","15"
"1031","(都道府県)_山梨","1019","虫害_ウンカ_被害率_実数","%","0.1"
"1031","(都道府県)_山梨","1020","虫害_ウンカ_被害率_対前年差","ﾎﾟｲﾝﾄ","0.0"
"1031","(都道府県)_山梨","1021","虫害_カメムシ_被害面積","ha","300"
"1031","(都道府県)_山梨","1022","虫害_カメムシ_被害量","t","55"
"1031","(都道府県)_山梨","1023","虫害_カメムシ_被害率_実数","%","0.2"
"1031","(都道府県)_山梨","1024","虫害_カメムシ_被害率_対前年差","ﾎﾟｲﾝﾄ","0.0"
"1032","(都道府県)_長野","1001","気象被害_冷害_被害面積","ha","7360"
"1032","(都道府県)_長野","1002","気象被害_冷害_被害量","t","2530"
"1032","(都道府県)_長野","1003","気象被害_冷害_被害率_実数","%","1.3"
"1032","(都道府県)_長野","1004","気象被害_冷害_被害率_対前年差","ﾎﾟｲﾝﾄ","-0.2"
"1032","(都道府県)_長野","1005","気象被害_日照不足_被害面積","ha","23600"
"1032","(都道府県)_長野","1006","気象被害_日照不足_被害量","t","5840"
"1032","(都道府県)_長野","1007","気象被害_日照不足_被害率_実数","%","3.0"
"1032","(都道府県)_長野","1008","気象被害_日照不足_被害率_対前年差","ﾎﾟｲﾝﾄ","0.2"
"1032","(都道府県)_長野","1009","気象被害_高温障害_被害面積","ha","4720"
"1032","(都道府県)_長野","1010","気象被害_高温障害_被害量","t","580"
"1032","(都道府県)_長野","1011","気象被害_高温障害_被害率_実数","%","0.3"
"1032","(都道府県)_長野","1012","気象被害_高温障害_被害率_対前年差","ﾎﾟｲﾝﾄ","-0.3"
"1032","(都道府県)_長野","1013","病害_いもち病_被害面積","ha","12800"
"1032","(都道府県)_長野","1014","病害_いもち病_被害量","t","4490"
"1032","(都道府県)_長野","1015","病害_いもち病_被害率_実数","%","2.3"
"1032","(都道府県)_長野","1016","病害_いもち病_被害率_対前年差","ﾎﾟｲﾝﾄ","0.8"
"1032","(都道府県)_長野","1017","虫害_ウンカ_被害面積","ha","2800"
"1032","(都道府県)_長野","1018","虫害_ウンカ_被害量","t","90"
"1032","(都道府県)_長野","1019","虫害_ウンカ_被害率_実数","%","0.0"
"1032","(都道府県)_長野","1020","虫害_ウンカ_被害率_対前年差","ﾎﾟｲﾝﾄ","-0.1"
"1032","(都道府県)_長野","1021","虫害_カメムシ_被害面積","ha","2600"
"1032","(都道府県)_長野","1022","虫害_カメムシ_被害量","t","370"
"1032","(都道府県)_長野","1023","虫害_カメムシ_被害率_実数","%","0.2"
"1032","(都道府県)_長野","1024","虫害_カメムシ_被害率_対前年差","ﾎﾟｲﾝﾄ","-0.1"
"1033","(都道府県)_岐阜","1001","気象被害_冷害_被害面積","ha","−"
"1033","(都道府県)_岐阜","1002","気象被害_冷害_被害量","t","−"
"1033","(都道府県)_岐阜","1003","気象被害_冷害_被害率_実数","%","−"
"1033","(都道府県)_岐阜","1004","気象被害_冷害_被害率_対前年差","ﾎﾟｲﾝﾄ","−"
"1033","(都道府県)_岐阜","1005","気象被害_日照不足_被害面積","ha","17000"
"1033","(都道府県)_岐阜","1006","気象被害_日照不足_被害量","t","2900"
"1033","(都道府県)_岐阜","1007","気象被害_日照不足_被害率_実数","%","2.8"
"1033","(都道府県)_岐阜","1008","気象被害_日照不足_被害率_対前年差","ﾎﾟｲﾝﾄ","-0.1"
"1033","(都道府県)_岐阜","1009","気象被害_高温障害_被害面積","ha","2030"
"1033","(都道府県)_岐阜","1010","気象被害_高温障害_被害量","t","167"
"1033","(都道府県)_岐阜","1011","気象被害_高温障害_被害率_実数","%","0.2"
"1033","(都道府県)_岐阜","1012","気象被害_高温障害_被害率_対前年差","ﾎﾟｲﾝﾄ","-0.4"
"1033","(都道府県)_岐阜","1013","病害_いもち病_被害面積","ha","6200"
"1033","(都道府県)_岐阜","1014","病害_いもち病_被害量","t","1930"
"1033","(都道府県)_岐阜","1015","病害_いもち病_被害率_実数","%","1.8"
"1033","(都道府県)_岐阜","1016","病害_いもち病_被害率_対前年差","ﾎﾟｲﾝﾄ","0.1"
"1033","(都道府県)_岐阜","1017","虫害_ウンカ_被害面積","ha","1140"
"1033","(都道府県)_岐阜","1018","虫害_ウンカ_被害量","t","172"
"1033","(都道府県)_岐阜","1019","虫害_ウンカ_被害率_実数","%","0.2"
"1033","(都道府県)_岐阜","1020","虫害_ウンカ_被害率_対前年差","ﾎﾟｲﾝﾄ","-0.4"
"1033","(都道府県)_岐阜","1021","虫害_カメムシ_被害面積","ha","5270"
"1033","(都道府県)_岐阜","1022","虫害_カメムシ_被害量","t","770"
"1033","(都道府県)_岐阜","1023","虫害_カメムシ_被害率_実数","%","0.7"
"1033","(都道府県)_岐阜","1024","虫害_カメムシ_被害率_対前年差","ﾎﾟｲﾝﾄ","-0.1"
"1034","(都道府県)_静岡","1001","気象被害_冷害_被害面積","ha","−"
"1034","(都道府県)_静岡","1002","気象被害_冷害_被害量","t","−"
"1034","(都道府県)_静岡","1003","気象被害_冷害_被害率_実数","%","−"
"1034","(都道府県)_静岡","1004","気象被害_冷害_被害率_対前年差","ﾎﾟｲﾝﾄ","-0.1"
"1034","(都道府県)_静岡","1005","気象被害_日照不足_被害面積","ha","6590"
"1034","(都道府県)_静岡","1006","気象被害_日照不足_被害量","t","2680"
"1034","(都道府県)_静岡","1007","気象被害_日照不足_被害率_実数","%","3.4"
"1034","(都道府県)_静岡","1008","気象被害_日照不足_被害率_対前年差","ﾎﾟｲﾝﾄ","-0.4"
"1034","(都道府県)_静岡","1009","気象被害_高温障害_被害面積","ha","1950"
"1034","(都道府県)_静岡","1010","気象被害_高温障害_被害量","t","407"
"1034","(都道府県)_静岡","1011","気象被害_高温障害_被害率_実数","%","0.5"
"1034","(都道府県)_静岡","1012","気象被害_高温障害_被害率_対前年差","ﾎﾟｲﾝﾄ","-2.4"
"1034","(都道府県)_静岡","1013","病害_いもち病_被害面積","ha","5120"
"1034","(都道府県)_静岡","1014","病害_いもち病_被害量","t","1220"
"1034","(都道府県)_静岡","1015","病害_いもち病_被害率_実数","%","1.5"
"1034","(都道府県)_静岡","1016","病害_いもち病_被害率_対前年差","ﾎﾟｲﾝﾄ","0.6"
"1034","(都道府県)_静岡","1017","虫害_ウンカ_被害面積","ha","1010"
"1034","(都道府県)_静岡","1018","虫害_ウンカ_被害量","t","150"
"1034","(都道府県)_静岡","1019","虫害_ウンカ_被害率_実数","%","0.2"
"1034","(都道府県)_静岡","1020","虫害_ウンカ_被害率_対前年差","ﾎﾟｲﾝﾄ","-4.9"
"1034","(都道府県)_静岡","1021","虫害_カメムシ_被害面積","ha","3480"
"1034","(都道府県)_静岡","1022","虫害_カメムシ_被害量","t","428"
"1034","(都道府県)_静岡","1023","虫害_カメムシ_被害率_実数","%","0.5"
"1034","(都道府県)_静岡","1024","虫害_カメムシ_被害率_対前年差","ﾎﾟｲﾝﾄ","0.0"
"1035","(都道府県)_愛知","1001","気象被害_冷害_被害面積","ha","−"
"1035","(都道府県)_愛知","1002","気象被害_冷害_被害量","t","−"
"1035","(都道府県)_愛知","1003","気象被害_冷害_被害率_実数","%","−"
"1035","(都道府県)_愛知","1004","気象被害_冷害_被害率_対前年差","ﾎﾟｲﾝﾄ","−"
"1035","(都道府県)_愛知","1005","気象被害_日照不足_被害面積","ha","26400"
"1035","(都道府県)_愛知","1006","気象被害_日照不足_被害量","t","6230"
"1035","(都道府県)_愛知","1007","気象被害_日照不足_被害率_実数","%","4.7"
"1035","(都道府県)_愛知","1008","気象被害_日照不足_被害率_対前年差","ﾎﾟｲﾝﾄ","1.8"
"1035","(都道府県)_愛知","1009","気象被害_高温障害_被害面積","ha","8070"
"1035","(都道府県)_愛知","1010","気象被害_高温障害_被害量","t","577"
"1035","(都道府県)_愛知","1011","気象被害_高温障害_被害率_実数","%","0.4"
"1035","(都道府県)_愛知","1012","気象被害_高温障害_被害率_対前年差","ﾎﾟｲﾝﾄ","0.0"
"1035","(都道府県)_愛知","1013","病害_いもち病_被害面積","ha","6540"
"1035","(都道府県)_愛知","1014","病害_いもち病_被害量","t","1140"
"1035","(都道府県)_愛知","1015","病害_いもち病_被害率_実数","%","0.9"
"1035","(都道府県)_愛知","1016","病害_いもち病_被害率_対前年差","ﾎﾟｲﾝﾄ","0.1"
"1035","(都道府県)_愛知","1017","虫害_ウンカ_被害面積","ha","253"
"1035","(都道府県)_愛知","1018","虫害_ウンカ_被害量","t","76"
"1035","(都道府県)_愛知","1019","虫害_ウンカ_被害率_実数","%","0.1"
"1035","(都道府県)_愛知","1020","虫害_ウンカ_被害率_対前年差","ﾎﾟｲﾝﾄ","-2.9"
"1035","(都道府県)_愛知","1021","虫害_カメムシ_被害面積","ha","4540"
"1035","(都道府県)_愛知","1022","虫害_カメムシ_被害量","t","325"
"1035","(都道府県)_愛知","1023","虫害_カメムシ_被害率_実数","%","0.2"
"1035","(都道府県)_愛知","1024","虫害_カメムシ_被害率_対前年差","ﾎﾟｲﾝﾄ","-0.1"
"1036","(都道府県)_三重","1001","気象被害_冷害_被害面積","ha","−"
"1036","(都道府県)_三重","1002","気象被害_冷害_被害量","t","−"
"1036","(都道府県)_三重","1003","気象被害_冷害_被害率_実数","%","−"
"1036","(都道府県)_三重","1004","気象被害_冷害_被害率_対前年差","ﾎﾟｲﾝﾄ","−"
"1036","(都道府県)_三重","1005","気象被害_日照不足_被害面積","ha","26300"
"1036","(都道府県)_三重","1006","気象被害_日照不足_被害量","t","2950"
"1036","(都道府県)_三重","1007","気象被害_日照不足_被害率_実数","%","2.2"
"1036","(都道府県)_三重","1008","気象被害_日照不足_被害率_対前年差","ﾎﾟｲﾝﾄ","-1.8"
"1036","(都道府県)_三重","1009","気象被害_高温障害_被害面積","ha","7980"
"1036","(都道府県)_三重","1010","気象被害_高温障害_被害量","t","1040"
"1036","(都道府県)_三重","1011","気象被害_高温障害_被害率_実数","%","0.8"
"1036","(都道府県)_三重","1012","気象被害_高温障害_被害率_対前年差","ﾎﾟｲﾝﾄ","-1.2"
"1036","(都道府県)_三重","1013","病害_いもち病_被害面積","ha","6320"
"1036","(都道府県)_三重","1014","病害_いもち病_被害量","t","1930"
"1036","(都道府県)_三重","1015","病害_いもち病_被害率_実数","%","1.5"
"1036","(都道府県)_三重","1016","病害_いもち病_被害率_対前年差","ﾎﾟｲﾝﾄ","0.6"
"1036","(都道府県)_三重","1017","虫害_ウンカ_被害面積","ha","754"
"1036","(都道府県)_三重","1018","虫害_ウンカ_被害量","t","52"
"1036","(都道府県)_三重","1019","虫害_ウンカ_被害率_実数","%","0.0"
"1036","(都道府県)_三重","1020","虫害_ウンカ_被害率_対前年差","ﾎﾟｲﾝﾄ","-0.1"
"1036","(都道府県)_三重","1021","虫害_カメムシ_被害面積","ha","2800"
"1036","(都道府県)_三重","1022","虫害_カメムシ_被害量","t","472"
"1036","(都道府県)_三重","1023","虫害_カメムシ_被害率_実数","%","0.4"
"1036","(都道府県)_三重","1024","虫害_カメムシ_被害率_対前年差","ﾎﾟｲﾝﾄ","-0.3"
"1037","(都道府県)_滋賀","1001","気象被害_冷害_被害面積","ha","−"
"1037","(都道府県)_滋賀","1002","気象被害_冷害_被害量","t","−"
"1037","(都道府県)_滋賀","1003","気象被害_冷害_被害率_実数","%","−"
"1037","(都道府県)_滋賀","1004","気象被害_冷害_被害率_対前年差","ﾎﾟｲﾝﾄ","−"
"1037","(都道府県)_滋賀","1005","気象被害_日照不足_被害面積","ha","14800"
"1037","(都道府県)_滋賀","1006","気象被害_日照不足_被害量","t","2240"
"1037","(都道府県)_滋賀","1007","気象被害_日照不足_被害率_実数","%","1.4"
"1037","(都道府県)_滋賀","1008","気象被害_日照不足_被害率_対前年差","ﾎﾟｲﾝﾄ","-1.0"
"1037","(都道府県)_滋賀","1009","気象被害_高温障害_被害面積","ha","5940"
"1037","(都道府県)_滋賀","1010","気象被害_高温障害_被害量","t","574"
"1037","(都道府県)_滋賀","1011","気象被害_高温障害_被害率_実数","%","0.4"
"1037","(都道府県)_滋賀","1012","気象被害_高温障害_被害率_対前年差","ﾎﾟｲﾝﾄ","-0.6"
"1037","(都道府県)_滋賀","1013","病害_いもち病_被害面積","ha","9040"
"1037","(都道府県)_滋賀","1014","病害_いもち病_被害量","t","3320"
"1037","(都道府県)_滋賀","1015","病害_いもち病_被害率_実数","%","2.1"
"1037","(都道府県)_滋賀","1016","病害_いもち病_被害率_対前年差","ﾎﾟｲﾝﾄ","1.0"
"1037","(都道府県)_滋賀","1017","虫害_ウンカ_被害面積","ha","2200"
"1037","(都道府県)_滋賀","1018","虫害_ウンカ_被害量","t","179"
"1037","(都道府県)_滋賀","1019","虫害_ウンカ_被害率_実数","%","0.1"
"1037","(都道府県)_滋賀","1020","虫害_ウンカ_被害率_対前年差","ﾎﾟｲﾝﾄ","-0.5"
"1037","(都道府県)_滋賀","1021","虫害_カメムシ_被害面積","ha","2920"
"1037","(都道府県)_滋賀","1022","虫害_カメムシ_被害量","t","134"
"1037","(都道府県)_滋賀","1023","虫害_カメムシ_被害率_実数","%","0.1"
"1037","(都道府県)_滋賀","1024","虫害_カメムシ_被害率_対前年差","ﾎﾟｲﾝﾄ","0.0"
"1038","(都道府県)_京都","1001","気象被害_冷害_被害面積","ha","−"
"1038","(都道府県)_京都","1002","気象被害_冷害_被害量","t","−"
"1038","(都道府県)_京都","1003","気象被害_冷害_被害率_実数","%","−"
"1038","(都道府県)_京都","1004","気象被害_冷害_被害率_対前年差","ﾎﾟｲﾝﾄ","−"
"1038","(都道府県)_京都","1005","気象被害_日照不足_被害面積","ha","14200"
"1038","(都道府県)_京都","1006","気象被害_日照不足_被害量","t","2100"
"1038","(都道府県)_京都","1007","気象被害_日照不足_被害率_実数","%","2.9"
"1038","(都道府県)_京都","1008","気象被害_日照不足_被害率_対前年差","ﾎﾟｲﾝﾄ","0.2"
"1038","(都道府県)_京都","1009","気象被害_高温障害_被害面積","ha","700"
"1038","(都道府県)_京都","1010","気象被害_高温障害_被害量","t","70"
"1038","(都道府県)_京都","1011","気象被害_高温障害_被害率_実数","%","0.1"
"1038","(都道府県)_京都","1012","気象被害_高温障害_被害率_対前年差","ﾎﾟｲﾝﾄ","-0.4"
"1038","(都道府県)_京都","1013","病害_いもち病_被害面積","ha","1280"
"1038","(都道府県)_京都","1014","病害_いもち病_被害量","t","220"
"1038","(都道府県)_京都","1015","病害_いもち病_被害率_実数","%","0.3"
"1038","(都道府県)_京都","1016","病害_いもち病_被害率_対前年差","ﾎﾟｲﾝﾄ","0.2"
"1038","(都道府県)_京都","1017","虫害_ウンカ_被害面積","ha","60"
"1038","(都道府県)_京都","1018","虫害_ウンカ_被害量","t","20"
"1038","(都道府県)_京都","1019","虫害_ウンカ_被害率_実数","%","0.0"
"1038","(都道府県)_京都","1020","虫害_ウンカ_被害率_対前年差","ﾎﾟｲﾝﾄ","-0.5"
"1038","(都道府県)_京都","1021","虫害_カメムシ_被害面積","ha","990"
"1038","(都道府県)_京都","1022","虫害_カメムシ_被害量","t","150"
"1038","(都道府県)_京都","1023","虫害_カメムシ_被害率_実数","%","0.2"
"1038","(都道府県)_京都","1024","虫害_カメムシ_被害率_対前年差","ﾎﾟｲﾝﾄ","0.0"
"1039","(都道府県)_大阪","1001","気象被害_冷害_被害面積","ha","−"
"1039","(都道府県)_大阪","1002","気象被害_冷害_被害量","t","−"
"1039","(都道府県)_大阪","1003","気象被害_冷害_被害率_実数","%","−"
"1039","(都道府県)_大阪","1004","気象被害_冷害_被害率_対前年差","ﾎﾟｲﾝﾄ","−"
"1039","(都道府県)_大阪","1005","気象被害_日照不足_被害面積","ha","3780"
"1039","(都道府県)_大阪","1006","気象被害_日照不足_被害量","t","450"
"1039","(都道府県)_大阪","1007","気象被害_日照不足_被害率_実数","%","2.0"
"1039","(都道府県)_大阪","1008","気象被害_日照不足_被害率_対前年差","ﾎﾟｲﾝﾄ","1.4"
"1039","(都道府県)_大阪","1009","気象被害_高温障害_被害面積","ha","400"
"1039","(都道府県)_大阪","1010","気象被害_高温障害_被害量","t","20"
"1039","(都道府県)_大阪","1011","気象被害_高温障害_被害率_実数","%","0.1"
"1039","(都道府県)_大阪","1012","気象被害_高温障害_被害率_対前年差","ﾎﾟｲﾝﾄ","0.0"
"1039","(都道府県)_大阪","1013","病害_いもち病_被害面積","ha","900"
"1039","(都道府県)_大阪","1014","病害_いもち病_被害量","t","430"
"1039","(都道府県)_大阪","1015","病害_いもち病_被害率_実数","%","1.9"
"1039","(都道府県)_大阪","1016","病害_いもち病_被害率_対前年差","ﾎﾟｲﾝﾄ","0.6"
"1039","(都道府県)_大阪","1017","虫害_ウンカ_被害面積","ha","100"
"1039","(都道府県)_大阪","1018","虫害_ウンカ_被害量","t","20"
"1039","(都道府県)_大阪","1019","虫害_ウンカ_被害率_実数","%","0.1"
"1039","(都道府県)_大阪","1020","虫害_ウンカ_被害率_対前年差","ﾎﾟｲﾝﾄ","-5.9"
"1039","(都道府県)_大阪","1021","虫害_カメムシ_被害面積","ha","200"
"1039","(都道府県)_大阪","1022","虫害_カメムシ_被害量","t","20"
"1039","(都道府県)_大阪","1023","虫害_カメムシ_被害率_実数","%","0.1"
"1039","(都道府県)_大阪","1024","虫害_カメムシ_被害率_対前年差","ﾎﾟｲﾝﾄ","0.0"
"1040","(都道府県)_兵庫","1001","気象被害_冷害_被害面積","ha","−"
"1040","(都道府県)_兵庫","1002","気象被害_冷害_被害量","t","−"
"1040","(都道府県)_兵庫","1003","気象被害_冷害_被害率_実数","%","−"
"1040","(都道府県)_兵庫","1004","気象被害_冷害_被害率_対前年差","ﾎﾟｲﾝﾄ","−"
"1040","(都道府県)_兵庫","1005","気象被害_日照不足_被害面積","ha","33100"
"1040","(都道府県)_兵庫","1006","気象被害_日照不足_被害量","t","5550"
"1040","(都道府県)_兵庫","1007","気象被害_日照不足_被害率_実数","%","3.1"
"1040","(都道府県)_兵庫","1008","気象被害_日照不足_被害率_対前年差","ﾎﾟｲﾝﾄ","0.1"
"1040","(都道府県)_兵庫","1009","気象被害_高温障害_被害面積","ha","−"
"1040","(都道府県)_兵庫","1010","気象被害_高温障害_被害量","t","−"
"1040","(都道府県)_兵庫","1011","気象被害_高温障害_被害率_実数","%","−"
"1040","(都道府県)_兵庫","1012","気象被害_高温障害_被害率_対前年差","ﾎﾟｲﾝﾄ","-1.7"
"1040","(都道府県)_兵庫","1013","病害_いもち病_被害面積","ha","6510"
"1040","(都道府県)_兵庫","1014","病害_いもち病_被害量","t","2880"
"1040","(都道府県)_兵庫","1015","病害_いもち病_被害率_実数","%","1.6"
"1040","(都道府県)_兵庫","1016","病害_いもち病_被害率_対前年差","ﾎﾟｲﾝﾄ","1.2"
"1040","(都道府県)_兵庫","1017","虫害_ウンカ_被害面積","ha","1000"
"1040","(都道府県)_兵庫","1018","虫害_ウンカ_被害量","t","50"
"1040","(都道府県)_兵庫","1019","虫害_ウンカ_被害率_実数","%","0.0"
"1040","(都道府県)_兵庫","1020","虫害_ウンカ_被害率_対前年差","ﾎﾟｲﾝﾄ","-2.1"
"1040","(都道府県)_兵庫","1021","虫害_カメムシ_被害面積","ha","3400"
"1040","(都道府県)_兵庫","1022","虫害_カメムシ_被害量","t","250"
"1040","(都道府県)_兵庫","1023","虫害_カメムシ_被害率_実数","%","0.1"
"1040","(都道府県)_兵庫","1024","虫害_カメムシ_被害率_対前年差","ﾎﾟｲﾝﾄ","-0.5"
"1041","(都道府県)_奈良","1001","気象被害_冷害_被害面積","ha","−"
"1041","(都道府県)_奈良","1002","気象被害_冷害_被害量","t","−"
"1041","(都道府県)_奈良","1003","気象被害_冷害_被害率_実数","%","−"
"1041","(都道府県)_奈良","1004","気象被害_冷害_被害率_対前年差","ﾎﾟｲﾝﾄ","−"
"1041","(都道府県)_奈良","1005","気象被害_日照不足_被害面積","ha","5380"
"1041","(都道府県)_奈良","1006","気象被害_日照不足_被害量","t","370"
"1041","(都道府県)_奈良","1007","気象被害_日照不足_被害率_実数","%","0.9"
"1041","(都道府県)_奈良","1008","気象被害_日照不足_被害率_対前年差","ﾎﾟｲﾝﾄ","0.1"
"1041","(都道府県)_奈良","1009","気象被害_高温障害_被害面積","ha","240"
"1041","(都道府県)_奈良","1010","気象被害_高温障害_被害量","t","10"
"1041","(都道府県)_奈良","1011","気象被害_高温障害_被害率_実数","%","0.0"
"1041","(都道府県)_奈良","1012","気象被害_高温障害_被害率_対前年差","ﾎﾟｲﾝﾄ","-0.1"
"1041","(都道府県)_奈良","1013","病害_いもち病_被害面積","ha","1760"
"1041","(都道府県)_奈良","1014","病害_いもち病_被害量","t","1260"
"1041","(都道府県)_奈良","1015","病害_いもち病_被害率_実数","%","2.9"
"1041","(都道府県)_奈良","1016","病害_いもち病_被害率_対前年差","ﾎﾟｲﾝﾄ","0.0"
"1041","(都道府県)_奈良","1017","虫害_ウンカ_被害面積","ha","250"
"1041","(都道府県)_奈良","1018","虫害_ウンカ_被害量","t","50"
"1041","(都道府県)_奈良","1019","虫害_ウンカ_被害率_実数","%","0.1"
"1041","(都道府県)_奈良","1020","虫害_ウンカ_被害率_対前年差","ﾎﾟｲﾝﾄ","-6.9"
"1041","(都道府県)_奈良","1021","虫害_カメムシ_被害面積","ha","610"
"1041","(都道府県)_奈良","1022","虫害_カメムシ_被害量","t","90"
"1041","(都道府県)_奈良","1023","虫害_カメムシ_被害率_実数","%","0.2"
"1041","(都道府県)_奈良","1024","虫害_カメムシ_被害率_対前年差","ﾎﾟｲﾝﾄ","0.0"
"1042","(都道府県)_和歌山","1001","気象被害_冷害_被害面積","ha","−"
"1042","(都道府県)_和歌山","1002","気象被害_冷害_被害量","t","−"
"1042","(都道府県)_和歌山","1003","気象被害_冷害_被害率_実数","%","−"
"1042","(都道府県)_和歌山","1004","気象被害_冷害_被害率_対前年差","ﾎﾟｲﾝﾄ","−"
"1042","(都道府県)_和歌山","1005","気象被害_日照不足_被害面積","ha","2870"
"1042","(都道府県)_和歌山","1006","気象被害_日照不足_被害量","t","573"
"1042","(都道府県)_和歌山","1007","気象被害_日照不足_被害率_実数","%","1.9"
"1042","(都道府県)_和歌山","1008","気象被害_日照不足_被害率_対前年差","ﾎﾟｲﾝﾄ","-2.1"
"1042","(都道府県)_和歌山","1009","気象被害_高温障害_被害面積","ha","549"
"1042","(都道府県)_和歌山","1010","気象被害_高温障害_被害量","t","49"
"1042","(都道府県)_和歌山","1011","気象被害_高温障害_被害率_実数","%","0.2"
"1042","(都道府県)_和歌山","1012","気象被害_高温障害_被害率_対前年差","ﾎﾟｲﾝﾄ","-1.1"
"1042","(都道府県)_和歌山","1013","病害_いもち病_被害面積","ha","1650"
"1042","(都道府県)_和歌山","1014","病害_いもち病_被害量","t","458"
"1042","(都道府県)_和歌山","1015","病害_いもち病_被害率_実数","%","1.5"
"1042","(都道府県)_和歌山","1016","病害_いもち病_被害率_対前年差","ﾎﾟｲﾝﾄ","0.6"
"1042","(都道府県)_和歌山","1017","虫害_ウンカ_被害面積","ha","427"
"1042","(都道府県)_和歌山","1018","虫害_ウンカ_被害量","t","122"
"1042","(都道府県)_和歌山","1019","虫害_ウンカ_被害率_実数","%","0.4"
"1042","(都道府県)_和歌山","1020","虫害_ウンカ_被害率_対前年差","ﾎﾟｲﾝﾄ","-5.2"
"1042","(都道府県)_和歌山","1021","虫害_カメムシ_被害面積","ha","732"
"1042","(都道府県)_和歌山","1022","虫害_カメムシ_被害量","t","55"
"1042","(都道府県)_和歌山","1023","虫害_カメムシ_被害率_実数","%","0.2"
"1042","(都道府県)_和歌山","1024","虫害_カメムシ_被害率_対前年差","ﾎﾟｲﾝﾄ","-0.1"
"1043","(都道府県)_鳥取","1001","気象被害_冷害_被害面積","ha","−"
"1043","(都道府県)_鳥取","1002","気象被害_冷害_被害量","t","−"
"1043","(都道府県)_鳥取","1003","気象被害_冷害_被害率_実数","%","−"
"1043","(都道府県)_鳥取","1004","気象被害_冷害_被害率_対前年差","ﾎﾟｲﾝﾄ","−"
"1043","(都道府県)_鳥取","1005","気象被害_日照不足_被害面積","ha","8890"
"1043","(都道府県)_鳥取","1006","気象被害_日照不足_被害量","t","1860"
"1043","(都道府県)_鳥取","1007","気象被害_日照不足_被害率_実数","%","2.9"
"1043","(都道府県)_鳥取","1008","気象被害_日照不足_被害率_対前年差","ﾎﾟｲﾝﾄ","1.8"
"1043","(都道府県)_鳥取","1009","気象被害_高温障害_被害面積","ha","−"
"1043","(都道府県)_鳥取","1010","気象被害_高温障害_被害量","t","−"
"1043","(都道府県)_鳥取","1011","気象被害_高温障害_被害率_実数","%","−"
"1043","(都道府県)_鳥取","1012","気象被害_高温障害_被害率_対前年差","ﾎﾟｲﾝﾄ","-1.1"
"1043","(都道府県)_鳥取","1013","病害_いもち病_被害面積","ha","1740"
"1043","(都道府県)_鳥取","1014","病害_いもち病_被害量","t","704"
"1043","(都道府県)_鳥取","1015","病害_いもち病_被害率_実数","%","1.1"
"1043","(都道府県)_鳥取","1016","病害_いもち病_被害率_対前年差","ﾎﾟｲﾝﾄ","0.3"
"1043","(都道府県)_鳥取","1017","虫害_ウンカ_被害面積","ha","125"
"1043","(都道府県)_鳥取","1018","虫害_ウンカ_被害量","t","30"
"1043","(都道府県)_鳥取","1019","虫害_ウンカ_被害率_実数","%","0.0"
"1043","(都道府県)_鳥取","1020","虫害_ウンカ_被害率_対前年差","ﾎﾟｲﾝﾄ","-0.3"
"1043","(都道府県)_鳥取","1021","虫害_カメムシ_被害面積","ha","500"
"1043","(都道府県)_鳥取","1022","虫害_カメムシ_被害量","t","35"
"1043","(都道府県)_鳥取","1023","虫害_カメムシ_被害率_実数","%","0.1"
"1043","(都道府県)_鳥取","1024","虫害_カメムシ_被害率_対前年差","ﾎﾟｲﾝﾄ","0.0"
"1044","(都道府県)_島根","1001","気象被害_冷害_被害面積","ha","−"
"1044","(都道府県)_島根","1002","気象被害_冷害_被害量","t","−"
"1044","(都道府県)_島根","1003","気象被害_冷害_被害率_実数","%","−"
"1044","(都道府県)_島根","1004","気象被害_冷害_被害率_対前年差","ﾎﾟｲﾝﾄ","−"
"1044","(都道府県)_島根","1005","気象被害_日照不足_被害面積","ha","14400"
"1044","(都道府県)_島根","1006","気象被害_日照不足_被害量","t","2050"
"1044","(都道府県)_島根","1007","気象被害_日照不足_被害率_実数","%","2.4"
"1044","(都道府県)_島根","1008","気象被害_日照不足_被害率_対前年差","ﾎﾟｲﾝﾄ","-0.2"
"1044","(都道府県)_島根","1009","気象被害_高温障害_被害面積","ha","2780"
"1044","(都道府県)_島根","1010","気象被害_高温障害_被害量","t","625"
"1044","(都道府県)_島根","1011","気象被害_高温障害_被害率_実数","%","0.7"
"1044","(都道府県)_島根","1012","気象被害_高温障害_被害率_対前年差","ﾎﾟｲﾝﾄ","-0.5"
"1044","(都道府県)_島根","1013","病害_いもち病_被害面積","ha","1840"
"1044","(都道府県)_島根","1014","病害_いもち病_被害量","t","325"
"1044","(都道府県)_島根","1015","病害_いもち病_被害率_実数","%","0.4"
"1044","(都道府県)_島根","1016","病害_いもち病_被害率_対前年差","ﾎﾟｲﾝﾄ","-0.1"
"1044","(都道府県)_島根","1017","虫害_ウンカ_被害面積","ha","120"
"1044","(都道府県)_島根","1018","虫害_ウンカ_被害量","t","50"
"1044","(都道府県)_島根","1019","虫害_ウンカ_被害率_実数","%","0.1"
"1044","(都道府県)_島根","1020","虫害_ウンカ_被害率_対前年差","ﾎﾟｲﾝﾄ","-0.5"
"1044","(都道府県)_島根","1021","虫害_カメムシ_被害面積","ha","800"
"1044","(都道府県)_島根","1022","虫害_カメムシ_被害量","t","85"
"1044","(都道府県)_島根","1023","虫害_カメムシ_被害率_実数","%","0.1"
"1044","(都道府県)_島根","1024","虫害_カメムシ_被害率_対前年差","ﾎﾟｲﾝﾄ","0.0"
"1045","(都道府県)_岡山","1001","気象被害_冷害_被害面積","ha","−"
"1045","(都道府県)_岡山","1002","気象被害_冷害_被害量","t","−"
"1045","(都道府県)_岡山","1003","気象被害_冷害_被害率_実数","%","−"
"1045","(都道府県)_岡山","1004","気象被害_冷害_被害率_対前年差","ﾎﾟｲﾝﾄ","−"
"1045","(都道府県)_岡山","1005","気象被害_日照不足_被害面積","ha","13100"
"1045","(都道府県)_岡山","1006","気象被害_日照不足_被害量","t","2350"
"1045","(都道府県)_岡山","1007","気象被害_日照不足_被害率_実数","%","1.6"
"1045","(都道府県)_岡山","1008","気象被害_日照不足_被害率_対前年差","ﾎﾟｲﾝﾄ","-0.6"
"1045","(都道府県)_岡山","1009","気象被害_高温障害_被害面積","ha","1320"
"1045","(都道府県)_岡山","1010","気象被害_高温障害_被害量","t","190"
"1045","(都道府県)_岡山","1011","気象被害_高温障害_被害率_実数","%","0.1"
"1045","(都道府県)_岡山","1012","気象被害_高温障害_被害率_対前年差","ﾎﾟｲﾝﾄ","-1.4"
"1045","(都道府県)_岡山","1013","病害_いもち病_被害面積","ha","9580"
"1045","(都道府県)_岡山","1014","病害_いもち病_被害量","t","2650"
"1045","(都道府県)_岡山","1015","病害_いもち病_被害率_実数","%","1.7"
"1045","(都道府県)_岡山","1016","病害_いもち病_被害率_対前年差","ﾎﾟｲﾝﾄ","0.0"
"1045","(都道府県)_岡山","1017","虫害_ウンカ_被害面積","ha","2170"
"1045","(都道府県)_岡山","1018","虫害_ウンカ_被害量","t","400"
"1045","(都道府県)_岡山","1019","虫害_ウンカ_被害率_実数","%","0.3"
"1045","(都道府県)_岡山","1020","虫害_ウンカ_被害率_対前年差","ﾎﾟｲﾝﾄ","-2.1"
"1045","(都道府県)_岡山","1021","虫害_カメムシ_被害面積","ha","2400"
"1045","(都道府県)_岡山","1022","虫害_カメムシ_被害量","t","460"
"1045","(都道府県)_岡山","1023","虫害_カメムシ_被害率_実数","%","0.3"
"1045","(都道府県)_岡山","1024","虫害_カメムシ_被害率_対前年差","ﾎﾟｲﾝﾄ","0.0"
"1046","(都道府県)_広島","1001","気象被害_冷害_被害面積","ha","−"
"1046","(都道府県)_広島","1002","気象被害_冷害_被害量","t","−"
"1046","(都道府県)_広島","1003","気象被害_冷害_被害率_実数","%","−"
"1046","(都道府県)_広島","1004","気象被害_冷害_被害率_対前年差","ﾎﾟｲﾝﾄ","−"
"1046","(都道府県)_広島","1005","気象被害_日照不足_被害面積","ha","11600"
"1046","(都道府県)_広島","1006","気象被害_日照不足_被害量","t","2600"
"1046","(都道府県)_広島","1007","気象被害_日照不足_被害率_実数","%","2.2"
"1046","(都道府県)_広島","1008","気象被害_日照不足_被害率_対前年差","ﾎﾟｲﾝﾄ","-2.0"
"1046","(都道府県)_広島","1009","気象被害_高温障害_被害面積","ha","10700"
"1046","(都道府県)_広島","1010","気象被害_高温障害_被害量","t","1050"
"1046","(都道府県)_広島","1011","気象被害_高温障害_被害率_実数","%","0.9"
"1046","(都道府県)_広島","1012","気象被害_高温障害_被害率_対前年差","ﾎﾟｲﾝﾄ","-0.7"
"1046","(都道府県)_広島","1013","病害_いもち病_被害面積","ha","11700"
"1046","(都道府県)_広島","1014","病害_いもち病_被害量","t","3560"
"1046","(都道府県)_広島","1015","病害_いもち病_被害率_実数","%","3.0"
"1046","(都道府県)_広島","1016","病害_いもち病_被害率_対前年差","ﾎﾟｲﾝﾄ","2.2"
"1046","(都道府県)_広島","1017","虫害_ウンカ_被害面積","ha","711"
"1046","(都道府県)_広島","1018","虫害_ウンカ_被害量","t","44"
"1046","(都道府県)_広島","1019","虫害_ウンカ_被害率_実数","%","0.0"
"1046","(都道府県)_広島","1020","虫害_ウンカ_被害率_対前年差","ﾎﾟｲﾝﾄ","-2.6"
"1046","(都道府県)_広島","1021","虫害_カメムシ_被害面積","ha","2330"
"1046","(都道府県)_広島","1022","虫害_カメムシ_被害量","t","67"
"1046","(都道府県)_広島","1023","虫害_カメムシ_被害率_実数","%","0.1"
"1046","(都道府県)_広島","1024","虫害_カメムシ_被害率_対前年差","ﾎﾟｲﾝﾄ","-0.4"
"1047","(都道府県)_山口","1001","気象被害_冷害_被害面積","ha","−"
"1047","(都道府県)_山口","1002","気象被害_冷害_被害量","t","−"
"1047","(都道府県)_山口","1003","気象被害_冷害_被害率_実数","%","−"
"1047","(都道府県)_山口","1004","気象被害_冷害_被害率_対前年差","ﾎﾟｲﾝﾄ","−"
"1047","(都道府県)_山口","1005","気象被害_日照不足_被害面積","ha","10500"
"1047","(都道府県)_山口","1006","気象被害_日照不足_被害量","t","1860"
"1047","(都道府県)_山口","1007","気象被害_日照不足_被害率_実数","%","2.0"
"1047","(都道府県)_山口","1008","気象被害_日照不足_被害率_対前年差","ﾎﾟｲﾝﾄ","-1.1"
"1047","(都道府県)_山口","1009","気象被害_高温障害_被害面積","ha","−"
"1047","(都道府県)_山口","1010","気象被害_高温障害_被害量","t","−"
"1047","(都道府県)_山口","1011","気象被害_高温障害_被害率_実数","%","−"
"1047","(都道府県)_山口","1012","気象被害_高温障害_被害率_対前年差","ﾎﾟｲﾝﾄ","-1.0"
"1047","(都道府県)_山口","1013","病害_いもち病_被害面積","ha","4750"
"1047","(都道府県)_山口","1014","病害_いもち病_被害量","t","1710"
"1047","(都道府県)_山口","1015","病害_いもち病_被害率_実数","%","1.8"
"1047","(都道府県)_山口","1016","病害_いもち病_被害率_対前年差","ﾎﾟｲﾝﾄ","1.1"
"1047","(都道府県)_山口","1017","虫害_ウンカ_被害面積","ha","706"
"1047","(都道府県)_山口","1018","虫害_ウンカ_被害量","t","67"
"1047","(都道府県)_山口","1019","虫害_ウンカ_被害率_実数","%","0.1"
"1047","(都道府県)_山口","1020","虫害_ウンカ_被害率_対前年差","ﾎﾟｲﾝﾄ","-17.9"
"1047","(都道府県)_山口","1021","虫害_カメムシ_被害面積","ha","1710"
"1047","(都道府県)_山口","1022","虫害_カメムシ_被害量","t","752"
"1047","(都道府県)_山口","1023","虫害_カメムシ_被害率_実数","%","0.8"
"1047","(都道府県)_山口","1024","虫害_カメムシ_被害率_対前年差","ﾎﾟｲﾝﾄ","0.5"
"1048","(都道府県)_徳島","1001","気象被害_冷害_被害面積","ha","−"
"1048","(都道府県)_徳島","1002","気象被害_冷害_被害量","t","−"
"1048","(都道府県)_徳島","1003","気象被害_冷害_被害率_実数","%","−"
"1048","(都道府県)_徳島","1004","気象被害_冷害_被害率_対前年差","ﾎﾟｲﾝﾄ","−"
"1048","(都道府県)_徳島","1005","気象被害_日照不足_被害面積","ha","10300"
"1048","(都道府県)_徳島","1006","気象被害_日照不足_被害量","t","1880"
"1048","(都道府県)_徳島","1007","気象被害_日照不足_被害率_実数","%","3.9"
"1048","(都道府県)_徳島","1008","気象被害_日照不足_被害率_対前年差","ﾎﾟｲﾝﾄ","1.8"
"1048","(都道府県)_徳島","1009","気象被害_高温障害_被害面積","ha","670"
"1048","(都道府県)_徳島","1010","気象被害_高温障害_被害量","t","30"
"1048","(都道府県)_徳島","1011","気象被害_高温障害_被害率_実数","%","0.1"
"1048","(都道府県)_徳島","1012","気象被害_高温障害_被害率_対前年差","ﾎﾟｲﾝﾄ","-0.7"
"1048","(都道府県)_徳島","1013","病害_いもち病_被害面積","ha","3960"
"1048","(都道府県)_徳島","1014","病害_いもち病_被害量","t","1300"
"1048","(都道府県)_徳島","1015","病害_いもち病_被害率_実数","%","2.7"
"1048","(都道府県)_徳島","1016","病害_いもち病_被害率_対前年差","ﾎﾟｲﾝﾄ","2.1"
"1048","(都道府県)_徳島","1017","虫害_ウンカ_被害面積","ha","630"
"1048","(都道府県)_徳島","1018","虫害_ウンカ_被害量","t","190"
"1048","(都道府県)_徳島","1019","虫害_ウンカ_被害率_実数","%","0.4"
"1048","(都道府県)_徳島","1020","虫害_ウンカ_被害率_対前年差","ﾎﾟｲﾝﾄ","0.2"
"1048","(都道府県)_徳島","1021","虫害_カメムシ_被害面積","ha","3210"
"1048","(都道府県)_徳島","1022","虫害_カメムシ_被害量","t","180"
"1048","(都道府県)_徳島","1023","虫害_カメムシ_被害率_実数","%","0.4"
"1048","(都道府県)_徳島","1024","虫害_カメムシ_被害率_対前年差","ﾎﾟｲﾝﾄ","0.1"
"1049","(都道府県)_香川","1001","気象被害_冷害_被害面積","ha","−"
"1049","(都道府県)_香川","1002","気象被害_冷害_被害量","t","−"
"1049","(都道府県)_香川","1003","気象被害_冷害_被害率_実数","%","−"
"1049","(都道府県)_香川","1004","気象被害_冷害_被害率_対前年差","ﾎﾟｲﾝﾄ","−"
"1049","(都道府県)_香川","1005","気象被害_日照不足_被害面積","ha","11300"
"1049","(都道府県)_香川","1006","気象被害_日照不足_被害量","t","2800"
"1049","(都道府県)_香川","1007","気象被害_日照不足_被害率_実数","%","5.0"
"1049","(都道府県)_香川","1008","気象被害_日照不足_被害率_対前年差","ﾎﾟｲﾝﾄ","1.7"
"1049","(都道府県)_香川","1009","気象被害_高温障害_被害面積","ha","2800"
"1049","(都道府県)_香川","1010","気象被害_高温障害_被害量","t","85"
"1049","(都道府県)_香川","1011","気象被害_高温障害_被害率_実数","%","0.2"
"1049","(都道府県)_香川","1012","気象被害_高温障害_被害率_対前年差","ﾎﾟｲﾝﾄ","-1.3"
"1049","(都道府県)_香川","1013","病害_いもち病_被害面積","ha","3700"
"1049","(都道府県)_香川","1014","病害_いもち病_被害量","t","780"
"1049","(都道府県)_香川","1015","病害_いもち病_被害率_実数","%","1.4"
"1049","(都道府県)_香川","1016","病害_いもち病_被害率_対前年差","ﾎﾟｲﾝﾄ","0.0"
"1049","(都道府県)_香川","1017","虫害_ウンカ_被害面積","ha","1900"
"1049","(都道府県)_香川","1018","虫害_ウンカ_被害量","t","130"
"1049","(都道府県)_香川","1019","虫害_ウンカ_被害率_実数","%","0.2"
"1049","(都道府県)_香川","1020","虫害_ウンカ_被害率_対前年差","ﾎﾟｲﾝﾄ","-0.6"
"1049","(都道府県)_香川","1021","虫害_カメムシ_被害面積","ha","2100"
"1049","(都道府県)_香川","1022","虫害_カメムシ_被害量","t","130"
"1049","(都道府県)_香川","1023","虫害_カメムシ_被害率_実数","%","0.2"
"1049","(都道府県)_香川","1024","虫害_カメムシ_被害率_対前年差","ﾎﾟｲﾝﾄ","-0.1"
"1050","(都道府県)_愛媛","1001","気象被害_冷害_被害面積","ha","−"
"1050","(都道府県)_愛媛","1002","気象被害_冷害_被害量","t","−"
"1050","(都道府県)_愛媛","1003","気象被害_冷害_被害率_実数","%","−"
"1050","(都道府県)_愛媛","1004","気象被害_冷害_被害率_対前年差","ﾎﾟｲﾝﾄ","−"
"1050","(都道府県)_愛媛","1005","気象被害_日照不足_被害面積","ha","6030"
"1050","(都道府県)_愛媛","1006","気象被害_日照不足_被害量","t","1730"
"1050","(都道府県)_愛媛","1007","気象被害_日照不足_被害率_実数","%","2.6"
"1050","(都道府県)_愛媛","1008","気象被害_日照不足_被害率_対前年差","ﾎﾟｲﾝﾄ","-0.3"
"1050","(都道府県)_愛媛","1009","気象被害_高温障害_被害面積","ha","4190"
"1050","(都道府県)_愛媛","1010","気象被害_高温障害_被害量","t","726"
"1050","(都道府県)_愛媛","1011","気象被害_高温障害_被害率_実数","%","1.1"
"1050","(都道府県)_愛媛","1012","気象被害_高温障害_被害率_対前年差","ﾎﾟｲﾝﾄ","-0.9"
"1050","(都道府県)_愛媛","1013","病害_いもち病_被害面積","ha","4490"
"1050","(都道府県)_愛媛","1014","病害_いもち病_被害量","t","890"
"1050","(都道府県)_愛媛","1015","病害_いもち病_被害率_実数","%","1.4"
"1050","(都道府県)_愛媛","1016","病害_いもち病_被害率_対前年差","ﾎﾟｲﾝﾄ","0.3"
"1050","(都道府県)_愛媛","1017","虫害_ウンカ_被害面積","ha","132"
"1050","(都道府県)_愛媛","1018","虫害_ウンカ_被害量","t","132"
"1050","(都道府県)_愛媛","1019","虫害_ウンカ_被害率_実数","%","0.2"
"1050","(都道府県)_愛媛","1020","虫害_ウンカ_被害率_対前年差","ﾎﾟｲﾝﾄ","-3.3"
"1050","(都道府県)_愛媛","1021","虫害_カメムシ_被害面積","ha","1590"
"1050","(都道府県)_愛媛","1022","虫害_カメムシ_被害量","t","131"
"1050","(都道府県)_愛媛","1023","虫害_カメムシ_被害率_実数","%","0.2"
"1050","(都道府県)_愛媛","1024","虫害_カメムシ_被害率_対前年差","ﾎﾟｲﾝﾄ","-0.1"
"1051","(都道府県)_高知","1001","気象被害_冷害_被害面積","ha","−"
"1051","(都道府県)_高知","1002","気象被害_冷害_被害量","t","−"
"1051","(都道府県)_高知","1003","気象被害_冷害_被害率_実数","%","−"
"1051","(都道府県)_高知","1004","気象被害_冷害_被害率_対前年差","ﾎﾟｲﾝﾄ","−"
"1051","(都道府県)_高知","1005","気象被害_日照不足_被害面積","ha","11000"
"1051","(都道府県)_高知","1006","気象被害_日照不足_被害量","t","1600"
"1051","(都道府県)_高知","1007","気象被害_日照不足_被害率_実数","%","3.2"
"1051","(都道府県)_高知","1008","気象被害_日照不足_被害率_対前年差","ﾎﾟｲﾝﾄ","-3.2"
"1051","(都道府県)_高知","1009","気象被害_高温障害_被害面積","ha","4370"
"1051","(都道府県)_高知","1010","気象被害_高温障害_被害量","t","219"
"1051","(都道府県)_高知","1011","気象被害_高温障害_被害率_実数","%","0.4"
"1051","(都道府県)_高知","1012","気象被害_高温障害_被害率_対前年差","ﾎﾟｲﾝﾄ","-1.0"
"1051","(都道府県)_高知","1013","病害_いもち病_被害面積","ha","4790"
"1051","(都道府県)_高知","1014","病害_いもち病_被害量","t","1200"
"1051","(都道府県)_高知","1015","病害_いもち病_被害率_実数","%","2.4"
"1051","(都道府県)_高知","1016","病害_いもち病_被害率_対前年差","ﾎﾟｲﾝﾄ","0.1"
"1051","(都道府県)_高知","1017","虫害_ウンカ_被害面積","ha","839"
"1051","(都道府県)_高知","1018","虫害_ウンカ_被害量","t","84"
"1051","(都道府県)_高知","1019","虫害_ウンカ_被害率_実数","%","0.2"
"1051","(都道府県)_高知","1020","虫害_ウンカ_被害率_対前年差","ﾎﾟｲﾝﾄ","-1.7"
"1051","(都道府県)_高知","1021","虫害_カメムシ_被害面積","ha","3530"
"1051","(都道府県)_高知","1022","虫害_カメムシ_被害量","t","177"
"1051","(都道府県)_高知","1023","虫害_カメムシ_被害率_実数","%","0.4"
"1051","(都道府県)_高知","1024","虫害_カメムシ_被害率_対前年差","ﾎﾟｲﾝﾄ","0.1"
"1052","(都道府県)_福岡","1001","気象被害_冷害_被害面積","ha","−"
"1052","(都道府県)_福岡","1002","気象被害_冷害_被害量","t","−"
"1052","(都道府県)_福岡","1003","気象被害_冷害_被害率_実数","%","−"
"1052","(都道府県)_福岡","1004","気象被害_冷害_被害率_対前年差","ﾎﾟｲﾝﾄ","−"
"1052","(都道府県)_福岡","1005","気象被害_日照不足_被害面積","ha","32800"
"1052","(都道府県)_福岡","1006","気象被害_日照不足_被害量","t","8400"
"1052","(都道府県)_福岡","1007","気象被害_日照不足_被害率_実数","%","4.9"
"1052","(都道府県)_福岡","1008","気象被害_日照不足_被害率_対前年差","ﾎﾟｲﾝﾄ","-5.6"
"1052","(都道府県)_福岡","1009","気象被害_高温障害_被害面積","ha","4330"
"1052","(都道府県)_福岡","1010","気象被害_高温障害_被害量","t","219"
"1052","(都道府県)_福岡","1011","気象被害_高温障害_被害率_実数","%","0.1"
"1052","(都道府県)_福岡","1012","気象被害_高温障害_被害率_対前年差","ﾎﾟｲﾝﾄ","-4.7"
"1052","(都道府県)_福岡","1013","病害_いもち病_被害面積","ha","10400"
"1052","(都道府県)_福岡","1014","病害_いもち病_被害量","t","2570"
"1052","(都道府県)_福岡","1015","病害_いもち病_被害率_実数","%","1.5"
"1052","(都道府県)_福岡","1016","病害_いもち病_被害率_対前年差","ﾎﾟｲﾝﾄ","0.5"
"1052","(都道府県)_福岡","1017","虫害_ウンカ_被害面積","ha","785"
"1052","(都道府県)_福岡","1018","虫害_ウンカ_被害量","t","132"
"1052","(都道府県)_福岡","1019","虫害_ウンカ_被害率_実数","%","0.1"
"1052","(都道府県)_福岡","1020","虫害_ウンカ_被害率_対前年差","ﾎﾟｲﾝﾄ","-1.6"
"1052","(都道府県)_福岡","1021","虫害_カメムシ_被害面積","ha","2560"
"1052","(都道府県)_福岡","1022","虫害_カメムシ_被害量","t","532"
"1052","(都道府県)_福岡","1023","虫害_カメムシ_被害率_実数","%","0.3"
"1052","(都道府県)_福岡","1024","虫害_カメムシ_被害率_対前年差","ﾎﾟｲﾝﾄ","0.2"
"1053","(都道府県)_佐賀","1001","気象被害_冷害_被害面積","ha","−"
"1053","(都道府県)_佐賀","1002","気象被害_冷害_被害量","t","−"
"1053","(都道府県)_佐賀","1003","気象被害_冷害_被害率_実数","%","−"
"1053","(都道府県)_佐賀","1004","気象被害_冷害_被害率_対前年差","ﾎﾟｲﾝﾄ","−"
"1053","(都道府県)_佐賀","1005","気象被害_日照不足_被害面積","ha","22300"
"1053","(都道府県)_佐賀","1006","気象被害_日照不足_被害量","t","6070"
"1053","(都道府県)_佐賀","1007","気象被害_日照不足_被害率_実数","%","5.0"
"1053","(都道府県)_佐賀","1008","気象被害_日照不足_被害率_対前年差","ﾎﾟｲﾝﾄ","-2.9"
"1053","(都道府県)_佐賀","1009","気象被害_高温障害_被害面積","ha","2580"
"1053","(都道府県)_佐賀","1010","気象被害_高温障害_被害量","t","322"
"1053","(都道府県)_佐賀","1011","気象被害_高温障害_被害率_実数","%","0.3"
"1053","(都道府県)_佐賀","1012","気象被害_高温障害_被害率_対前年差","ﾎﾟｲﾝﾄ","-0.3"
"1053","(都道府県)_佐賀","1013","病害_いもち病_被害面積","ha","4290"
"1053","(都道府県)_佐賀","1014","病害_いもち病_被害量","t","1980"
"1053","(都道府県)_佐賀","1015","病害_いもち病_被害率_実数","%","1.6"
"1053","(都道府県)_佐賀","1016","病害_いもち病_被害率_対前年差","ﾎﾟｲﾝﾄ","0.9"
"1053","(都道府県)_佐賀","1017","虫害_ウンカ_被害面積","ha","467"
"1053","(都道府県)_佐賀","1018","虫害_ウンカ_被害量","t","108"
"1053","(都道府県)_佐賀","1019","虫害_ウンカ_被害率_実数","%","0.1"
"1053","(都道府県)_佐賀","1020","虫害_ウンカ_被害率_対前年差","ﾎﾟｲﾝﾄ","-1.1"
"1053","(都道府県)_佐賀","1021","虫害_カメムシ_被害面積","ha","400"
"1053","(都道府県)_佐賀","1022","虫害_カメムシ_被害量","t","20"
"1053","(都道府県)_佐賀","1023","虫害_カメムシ_被害率_実数","%","0.0"
"1053","(都道府県)_佐賀","1024","虫害_カメムシ_被害率_対前年差","ﾎﾟｲﾝﾄ","0.0"
"1054","(都道府県)_長崎","1001","気象被害_冷害_被害面積","ha","−"
"1054","(都道府県)_長崎","1002","気象被害_冷害_被害量","t","−"
"1054","(都道府県)_長崎","1003","気象被害_冷害_被害率_実数","%","−"
"1054","(都道府県)_長崎","1004","気象被害_冷害_被害率_対前年差","ﾎﾟｲﾝﾄ","−"
"1054","(都道府県)_長崎","1005","気象被害_日照不足_被害面積","ha","9610"
"1054","(都道府県)_長崎","1006","気象被害_日照不足_被害量","t","5380"
"1054","(都道府県)_長崎","1007","気象被害_日照不足_被害率_実数","%","10.3"
"1054","(都道府県)_長崎","1008","気象被害_日照不足_被害率_対前年差","ﾎﾟｲﾝﾄ","5.4"
"1054","(都道府県)_長崎","1009","気象被害_高温障害_被害面積","ha","−"
"1054","(都道府県)_長崎","1010","気象被害_高温障害_被害量","t","−"
"1054","(都道府県)_長崎","1011","気象被害_高温障害_被害率_実数","%","−"
"1054","(都道府県)_長崎","1012","気象被害_高温障害_被害率_対前年差","ﾎﾟｲﾝﾄ","−"
"1054","(都道府県)_長崎","1013","病害_いもち病_被害面積","ha","881"
"1054","(都道府県)_長崎","1014","病害_いもち病_被害量","t","183"
"1054","(都道府県)_長崎","1015","病害_いもち病_被害率_実数","%","0.4"
"1054","(都道府県)_長崎","1016","病害_いもち病_被害率_対前年差","ﾎﾟｲﾝﾄ","-0.3"
"1054","(都道府県)_長崎","1017","虫害_ウンカ_被害面積","ha","506"
"1054","(都道府県)_長崎","1018","虫害_ウンカ_被害量","t","98"
"1054","(都道府県)_長崎","1019","虫害_ウンカ_被害率_実数","%","0.2"
"1054","(都道府県)_長崎","1020","虫害_ウンカ_被害率_対前年差","ﾎﾟｲﾝﾄ","-2.7"
"1054","(都道府県)_長崎","1021","虫害_カメムシ_被害面積","ha","797"
"1054","(都道府県)_長崎","1022","虫害_カメムシ_被害量","t","96"
"1054","(都道府県)_長崎","1023","虫害_カメムシ_被害率_実数","%","0.2"
"1054","(都道府県)_長崎","1024","虫害_カメムシ_被害率_対前年差","ﾎﾟｲﾝﾄ","0.0"
"1055","(都道府県)_熊本","1001","気象被害_冷害_被害面積","ha","−"
"1055","(都道府県)_熊本","1002","気象被害_冷害_被害量","t","−"
"1055","(都道府県)_熊本","1003","気象被害_冷害_被害率_実数","%","−"
"1055","(都道府県)_熊本","1004","気象被害_冷害_被害率_対前年差","ﾎﾟｲﾝﾄ","−"
"1055","(都道府県)_熊本","1005","気象被害_日照不足_被害面積","ha","32300"
"1055","(都道府県)_熊本","1006","気象被害_日照不足_被害量","t","13900"
"1055","(都道府県)_熊本","1007","気象被害_日照不足_被害率_実数","%","8.4"
"1055","(都道府県)_熊本","1008","気象被害_日照不足_被害率_対前年差","ﾎﾟｲﾝﾄ","-0.3"
"1055","(都道府県)_熊本","1009","気象被害_高温障害_被害面積","ha","6150"
"1055","(都道府県)_熊本","1010","気象被害_高温障害_被害量","t","422"
"1055","(都道府県)_熊本","1011","気象被害_高温障害_被害率_実数","%","0.3"
"1055","(都道府県)_熊本","1012","気象被害_高温障害_被害率_対前年差","ﾎﾟｲﾝﾄ","-0.1"
"1055","(都道府県)_熊本","1013","病害_いもち病_被害面積","ha","16600"
"1055","(都道府県)_熊本","1014","病害_いもち病_被害量","t","6220"
"1055","(都道府県)_熊本","1015","病害_いもち病_被害率_実数","%","3.8"
"1055","(都道府県)_熊本","1016","病害_いもち病_被害率_対前年差","ﾎﾟｲﾝﾄ","2.3"
"1055","(都道府県)_熊本","1017","虫害_ウンカ_被害面積","ha","1500"
"1055","(都道府県)_熊本","1018","虫害_ウンカ_被害量","t","649"
"1055","(都道府県)_熊本","1019","虫害_ウンカ_被害率_実数","%","0.4"
"1055","(都道府県)_熊本","1020","虫害_ウンカ_被害率_対前年差","ﾎﾟｲﾝﾄ","-2.5"
"1055","(都道府県)_熊本","1021","虫害_カメムシ_被害面積","ha","1160"
"1055","(都道府県)_熊本","1022","虫害_カメムシ_被害量","t","114"
"1055","(都道府県)_熊本","1023","虫害_カメムシ_被害率_実数","%","0.1"
"1055","(都道府県)_熊本","1024","虫害_カメムシ_被害率_対前年差","ﾎﾟｲﾝﾄ","0.1"
"1056","(都道府県)_大分","1001","気象被害_冷害_被害面積","ha","−"
"1056","(都道府県)_大分","1002","気象被害_冷害_被害量","t","−"
"1056","(都道府県)_大分","1003","気象被害_冷害_被害率_実数","%","−"
"1056","(都道府県)_大分","1004","気象被害_冷害_被害率_対前年差","ﾎﾟｲﾝﾄ","−"
"1056","(都道府県)_大分","1005","気象被害_日照不足_被害面積","ha","18300"
"1056","(都道府県)_大分","1006","気象被害_日照不足_被害量","t","5470"
"1056","(都道府県)_大分","1007","気象被害_日照不足_被害率_実数","%","5.6"
"1056","(都道府県)_大分","1008","気象被害_日照不足_被害率_対前年差","ﾎﾟｲﾝﾄ","-4.4"
"1056","(都道府県)_大分","1009","気象被害_高温障害_被害面積","ha","−"
"1056","(都道府県)_大分","1010","気象被害_高温障害_被害量","t","−"
"1056","(都道府県)_大分","1011","気象被害_高温障害_被害率_実数","%","−"
"1056","(都道府県)_大分","1012","気象被害_高温障害_被害率_対前年差","ﾎﾟｲﾝﾄ","-2.3"
"1056","(都道府県)_大分","1013","病害_いもち病_被害面積","ha","10700"
"1056","(都道府県)_大分","1014","病害_いもち病_被害量","t","2830"
"1056","(都道府県)_大分","1015","病害_いもち病_被害率_実数","%","2.9"
"1056","(都道府県)_大分","1016","病害_いもち病_被害率_対前年差","ﾎﾟｲﾝﾄ","-0.1"
"1056","(都道府県)_大分","1017","虫害_ウンカ_被害面積","ha","624"
"1056","(都道府県)_大分","1018","虫害_ウンカ_被害量","t","225"
"1056","(都道府県)_大分","1019","虫害_ウンカ_被害率_実数","%","0.2"
"1056","(都道府県)_大分","1020","虫害_ウンカ_被害率_対前年差","ﾎﾟｲﾝﾄ","-4.3"
"1056","(都道府県)_大分","1021","虫害_カメムシ_被害面積","ha","909"
"1056","(都道府県)_大分","1022","虫害_カメムシ_被害量","t","90"
"1056","(都道府県)_大分","1023","虫害_カメムシ_被害率_実数","%","0.1"
"1056","(都道府県)_大分","1024","虫害_カメムシ_被害率_対前年差","ﾎﾟｲﾝﾄ","0.0"
"1057","(都道府県)_宮崎","1001","気象被害_冷害_被害面積","ha","−"
"1057","(都道府県)_宮崎","1002","気象被害_冷害_被害量","t","−"
"1057","(都道府県)_宮崎","1003","気象被害_冷害_被害率_実数","%","−"
"1057","(都道府県)_宮崎","1004","気象被害_冷害_被害率_対前年差","ﾎﾟｲﾝﾄ","−"
"1057","(都道府県)_宮崎","1005","気象被害_日照不足_被害面積","ha","15900"
"1057","(都道府県)_宮崎","1006","気象被害_日照不足_被害量","t","5260"
"1057","(都道府県)_宮崎","1007","気象被害_日照不足_被害率_実数","%","6.7"
"1057","(都道府県)_宮崎","1008","気象被害_日照不足_被害率_対前年差","ﾎﾟｲﾝﾄ","-2.1"
"1057","(都道府県)_宮崎","1009","気象被害_高温障害_被害面積","ha","2600"
"1057","(都道府県)_宮崎","1010","気象被害_高温障害_被害量","t","249"
"1057","(都道府県)_宮崎","1011","気象被害_高温障害_被害率_実数","%","0.3"
"1057","(都道府県)_宮崎","1012","気象被害_高温障害_被害率_対前年差","ﾎﾟｲﾝﾄ","-0.2"
"1057","(都道府県)_宮崎","1013","病害_いもち病_被害面積","ha","9620"
"1057","(都道府県)_宮崎","1014","病害_いもち病_被害量","t","3240"
"1057","(都道府県)_宮崎","1015","病害_いもち病_被害率_実数","%","4.1"
"1057","(都道府県)_宮崎","1016","病害_いもち病_被害率_対前年差","ﾎﾟｲﾝﾄ","0.7"
"1057","(都道府県)_宮崎","1017","虫害_ウンカ_被害面積","ha","1330"
"1057","(都道府県)_宮崎","1018","虫害_ウンカ_被害量","t","112"
"1057","(都道府県)_宮崎","1019","虫害_ウンカ_被害率_実数","%","0.1"
"1057","(都道府県)_宮崎","1020","虫害_ウンカ_被害率_対前年差","ﾎﾟｲﾝﾄ","-2.0"
"1057","(都道府県)_宮崎","1021","虫害_カメムシ_被害面積","ha","3100"
"1057","(都道府県)_宮崎","1022","虫害_カメムシ_被害量","t","142"
"1057","(都道府県)_宮崎","1023","虫害_カメムシ_被害率_実数","%","0.2"
"1057","(都道府県)_宮崎","1024","虫害_カメムシ_被害率_対前年差","ﾎﾟｲﾝﾄ","-0.2"
"1058","(都道府県)_鹿児島","1001","気象被害_冷害_被害面積","ha","−"
"1058","(都道府県)_鹿児島","1002","気象被害_冷害_被害量","t","−"
"1058","(都道府県)_鹿児島","1003","気象被害_冷害_被害率_実数","%","−"
"1058","(都道府県)_鹿児島","1004","気象被害_冷害_被害率_対前年差","ﾎﾟｲﾝﾄ","−"
"1058","(都道府県)_鹿児島","1005","気象被害_日照不足_被害面積","ha","18600"
"1058","(都道府県)_鹿児島","1006","気象被害_日照不足_被害量","t","6300"
"1058","(都道府県)_鹿児島","1007","気象被害_日照不足_被害率_実数","%","7.0"
"1058","(都道府県)_鹿児島","1008","気象被害_日照不足_被害率_対前年差","ﾎﾟｲﾝﾄ","-0.9"
"1058","(都道府県)_鹿児島","1009","気象被害_高温障害_被害面積","ha","4820"
"1058","(都道府県)_鹿児島","1010","気象被害_高温障害_被害量","t","117"
"1058","(都道府県)_鹿児島","1011","気象被害_高温障害_被害率_実数","%","0.1"
"1058","(都道府県)_鹿児島","1012","気象被害_高温障害_被害率_対前年差","ﾎﾟｲﾝﾄ","-0.5"
"1058","(都道府県)_鹿児島","1013","病害_いもち病_被害面積","ha","10500"
"1058","(都道府県)_鹿児島","1014","病害_いもち病_被害量","t","3450"
"1058","(都道府県)_鹿児島","1015","病害_いもち病_被害率_実数","%","3.8"
"1058","(都道府県)_鹿児島","1016","病害_いもち病_被害率_対前年差","ﾎﾟｲﾝﾄ","0.5"
"1058","(都道府県)_鹿児島","1017","虫害_ウンカ_被害面積","ha","251"
"1058","(都道府県)_鹿児島","1018","虫害_ウンカ_被害量","t","28"
"1058","(都道府県)_鹿児島","1019","虫害_ウンカ_被害率_実数","%","0.0"
"1058","(都道府県)_鹿児島","1020","虫害_ウンカ_被害率_対前年差","ﾎﾟｲﾝﾄ","-2.8"
"1058","(都道府県)_鹿児島","1021","虫害_カメムシ_被害面積","ha","2060"
"1058","(都道府県)_鹿児島","1022","虫害_カメムシ_被害量","t","615"
"1058","(都道府県)_鹿児島","1023","虫害_カメムシ_被害率_実数","%","0.7"
"1058","(都道府県)_鹿児島","1024","虫害_カメムシ_被害率_対前年差","ﾎﾟｲﾝﾄ","-0.1"
"1059","(都道府県)_沖縄","1001","気象被害_冷害_被害面積","ha","−"
"1059","(都道府県)_沖縄","1002","気象被害_冷害_被害量","t","−"
"1059","(都道府県)_沖縄","1003","気象被害_冷害_被害率_実数","%","−"
"1059","(都道府県)_沖縄","1004","気象被害_冷害_被害率_対前年差","ﾎﾟｲﾝﾄ","−"
"1059","(都道府県)_沖縄","1005","気象被害_日照不足_被害面積","ha","−"
"1059","(都道府県)_沖縄","1006","気象被害_日照不足_被害量","t","−"
"1059","(都道府県)_沖縄","1007","気象被害_日照不足_被害率_実数","%","−"
"1059","(都道府県)_沖縄","1008","気象被害_日照不足_被害率_対前年差","ﾎﾟｲﾝﾄ","−"
"1059","(都道府県)_沖縄","1009","気象被害_高温障害_被害面積","ha","10"
"1059","(都道府県)_沖縄","1010","気象被害_高温障害_被害量","t","1"
"1059","(都道府県)_沖縄","1011","気象被害_高温障害_被害率_実数","%","0.0"
"1059","(都道府県)_沖縄","1012","気象被害_高温障害_被害率_対前年差","ﾎﾟｲﾝﾄ","0.0"
"1059","(都道府県)_沖縄","1013","病害_いもち病_被害面積","ha","13"
"1059","(都道府県)_沖縄","1014","病害_いもち病_被害量","t","9"
"1059","(都道府県)_沖縄","1015","病害_いもち病_被害率_実数","%","0.4"
"1059","(都道府県)_沖縄","1016","病害_いもち病_被害率_対前年差","ﾎﾟｲﾝﾄ","-0.2"
"1059","(都道府県)_沖縄","1017","虫害_ウンカ_被害面積","ha","1"
"1059","(都道府県)_沖縄","1018","虫害_ウンカ_被害量","t","1"
"1059","(都道府県)_沖縄","1019","虫害_ウンカ_被害率_実数","%","0.0"
"1059","(都道府県)_沖縄","1020","虫害_ウンカ_被害率_対前年差","ﾎﾟｲﾝﾄ","0.0"
"1059","(都道府県)_沖縄","1021","虫害_カメムシ_被害面積","ha","−"
"1059","(都道府県)_沖縄","1022","虫害_カメムシ_被害量","t","−"
"1059","(都道府県)_沖縄","1023","虫害_カメムシ_被害率_実数","%","−"
"1059","(都道府県)_沖縄","1024","虫害_カメムシ_被害率_対前年差","ﾎﾟｲﾝﾄ","-0.3"
"1060","関東農政局","1001","気象被害_冷害_被害面積","ha","7990"
"1060","関東農政局","1002","気象被害_冷害_被害量","t","2860"
"1060","関東農政局","1003","気象被害_冷害_被害率_実数","%","0.2"
"1060","関東農政局","1004","気象被害_冷害_被害率_対前年差","ﾎﾟｲﾝﾄ","0.0"
"1060","関東農政局","1005","気象被害_日照不足_被害面積","ha","181800"
"1060","関東農政局","1006","気象被害_日照不足_被害量","t","40700"
"1060","関東農政局","1007","気象被害_日照不足_被害率_実数","%","2.8"
"1060","関東農政局","1008","気象被害_日照不足_被害率_対前年差","ﾎﾟｲﾝﾄ","-0.1"
"1060","関東農政局","1009","気象被害_高温障害_被害面積","ha","31200"
"1060","関東農政局","1010","気象被害_高温障害_被害量","t","6790"
"1060","関東農政局","1011","気象被害_高温障害_被害率_実数","%","0.5"
"1060","関東農政局","1012","気象被害_高温障害_被害率_対前年差","ﾎﾟｲﾝﾄ","-0.7"
"1060","関東農政局","1013","病害_いもち病_被害面積","ha","66700"
"1060","関東農政局","1014","病害_いもち病_被害量","t","18100"
"1060","関東農政局","1015","病害_いもち病_被害率_実数","%","1.3"
"1060","関東農政局","1016","病害_いもち病_被害率_対前年差","ﾎﾟｲﾝﾄ","0.2"
"1060","関東農政局","1017","虫害_ウンカ_被害面積","ha","12900"
"1060","関東農政局","1018","虫害_ウンカ_被害量","t","1430"
"1060","関東農政局","1019","虫害_ウンカ_被害率_実数","%","0.1"
"1060","関東農政局","1020","虫害_ウンカ_被害率_対前年差","ﾎﾟｲﾝﾄ","-0.3"
"1060","関東農政局","1021","虫害_カメムシ_被害面積","ha","26800"
"1060","関東農政局","1022","虫害_カメムシ_被害量","t","3280"
"1060","関東農政局","1023","虫害_カメムシ_被害率_実数","%","0.2"
"1060","関東農政局","1024","虫害_カメムシ_被害率_対前年差","ﾎﾟｲﾝﾄ","-0.1"
"1061","東海農政局","1001","気象被害_冷害_被害面積","ha","−"
"1061","東海農政局","1002","気象被害_冷害_被害量","t","−"
"1061","東海農政局","1003","気象被害_冷害_被害率_実数","%","−"
"1061","東海農政局","1004","気象被害_冷害_被害率_対前年差","ﾎﾟｲﾝﾄ","−"
"1061","東海農政局","1005","気象被害_日照不足_被害面積","ha","69700"
"1061","東海農政局","1006","気象被害_日照不足_被害量","t","12100"
"1061","東海農政局","1007","気象被害_日照不足_被害率_実数","%","3.3"
"1061","東海農政局","1008","気象被害_日照不足_被害率_対前年差","ﾎﾟｲﾝﾄ","0.0"
"1061","東海農政局","1009","気象被害_高温障害_被害面積","ha","18100"
"1061","東海農政局","1010","気象被害_高温障害_被害量","t","1780"
"1061","東海農政局","1011","気象被害_高温障害_被害率_実数","%","0.5"
"1061","東海農政局","1012","気象被害_高温障害_被害率_対前年差","ﾎﾟｲﾝﾄ","-0.5"
"1061","東海農政局","1013","病害_いもち病_被害面積","ha","19100"
"1061","東海農政局","1014","病害_いもち病_被害量","t","5000"
"1061","東海農政局","1015","病害_いもち病_被害率_実数","%","1.4"
"1061","東海農政局","1016","病害_いもち病_被害率_対前年差","ﾎﾟｲﾝﾄ","0.3"
"1061","東海農政局","1017","虫害_ウンカ_被害面積","ha","2150"
"1061","東海農政局","1018","虫害_ウンカ_被害量","t","300"
"1061","東海農政局","1019","虫害_ウンカ_被害率_実数","%","0.1"
"1061","東海農政局","1020","虫害_ウンカ_被害率_対前年差","ﾎﾟｲﾝﾄ","-1.2"
"1061","東海農政局","1021","虫害_カメムシ_被害面積","ha","12600"
"1061","東海農政局","1022","虫害_カメムシ_被害量","t","1570"
"1061","東海農政局","1023","虫害_カメムシ_被害率_実数","%","0.4"
"1061","東海農政局","1024","虫害_カメムシ_被害率_対前年差","ﾎﾟｲﾝﾄ","-0.2"
"1062","中国四国農政局","1001","気象被害_冷害_被害面積","ha","−"
"1062","中国四国農政局","1002","気象被害_冷害_被害量","t","−"
"1062","中国四国農政局","1003","気象被害_冷害_被害率_実数","%","−"
"1062","中国四国農政局","1004","気象被害_冷害_被害率_対前年差","ﾎﾟｲﾝﾄ","−"
"1062","中国四国農政局","1005","気象被害_日照不足_被害面積","ha","97100"
"1062","中国四国農政局","1006","気象被害_日照不足_被害量","t","18700"
"1062","中国四国農政局","1007","気象被害_日照不足_被害率_実数","%","2.6"
"1062","中国四国農政局","1008","気象被害_日照不足_被害率_対前年差","ﾎﾟｲﾝﾄ","-0.4"
"1062","中国四国農政局","1009","気象被害_高温障害_被害面積","ha","26800"
"1062","中国四国農政局","1010","気象被害_高温障害_被害量","t","2930"
"1062","中国四国農政局","1011","気象被害_高温障害_被害率_実数","%","0.4"
"1062","中国四国農政局","1012","気象被害_高温障害_被害率_対前年差","ﾎﾟｲﾝﾄ","-1.0"
"1062","中国四国農政局","1013","病害_いもち病_被害面積","ha","46600"
"1062","中国四国農政局","1014","病害_いもち病_被害量","t","13100"
"1062","中国四国農政局","1015","病害_いもち病_被害率_実数","%","1.8"
"1062","中国四国農政局","1016","病害_いもち病_被害率_対前年差","ﾎﾟｲﾝﾄ","0.7"
"1062","中国四国農政局","1017","虫害_ウンカ_被害面積","ha","7330"
"1062","中国四国農政局","1018","虫害_ウンカ_被害量","t","1130"
"1062","中国四国農政局","1019","虫害_ウンカ_被害率_実数","%","0.2"
"1062","中国四国農政局","1020","虫害_ウンカ_被害率_対前年差","ﾎﾟｲﾝﾄ","-3.6"
"1062","中国四国農政局","1021","虫害_カメムシ_被害面積","ha","18200"
"1062","中国四国農政局","1022","虫害_カメムシ_被害量","t","2020"
"1062","中国四国農政局","1023","虫害_カメムシ_被害率_実数","%","0.3"
"1062","中国四国農政局","1024","虫害_カメムシ_被害率_対前年差","ﾎﾟｲﾝﾄ","0.0"
